change_type,original_text,revised_text,issue_tags,reviewer_summary,label,assessment_label_id,issue_multihot,model_input
modified,"Faculty or Personnel prepares a Project Proposal. The IGO Director receives the proposal and submits it to the Board of Management for deliberation. The Board of Management deliberates the proposal according to financial status and income-generating capability, then submits a finalized proposal to the University President for approval and recommendation. The University President approves the proposal and submits it to the LNU Board of Regents for approval. The LNU Board of Regents approves or disapproves the proposal.","1. Faculty or Personnel shall prepare and submit a Project Proposal containing the information required for financial and feasibility evaluation. 2. The IGO Director shall receive the proposal, check it for completeness, and submit it to the Board of Management for deliberation. 3. The Board of Management shall evaluate the proposal based on financial status and income-generating capability and document its recommendation. 4. A finalized proposal shall be submitted to the University President for approval and recommendation. 5. The University President shall endorse the approved proposal to the LNU Board of Regents. 6. The LNU Board of Regents shall issue the final approval or disapproval decision before project implementation.",,"The revision preserves the original role assignments and approval path while clarifying handoffs, decision criteria, documented recommendations, and the final decision before implementation.",Appropriate,0,"[0.0, 0.0, 0.0, 0.0, 0.0, 0.0, 0.0, 0.0, 0.0, 0.0, 0.0, 0.0]","[CHANGE TYPE]
modified

[ORIGINAL TEXT]
Faculty or Personnel prepares a Project Proposal. The IGO Director receives the proposal and submits it to the Board of Management for deliberation. The Board of Management deliberates the proposal according to financial status and income-generating capability, then submits a finalized proposal to the University President for approval and recommendation. The University President approves the proposal and submits it to the LNU Board of Regents for approval. The LNU Board of Regents approves or disapproves the proposal.

[REVISED TEXT]
1. Faculty or Personnel shall prepare and submit a Project Proposal containing the information required for financial and feasibility evaluation. 2. The IGO Director shall receive the proposal, check it for completeness, and submit it to the Board of Management for deliberation. 3. The Board of Management shall evaluate the proposal based on financial status and income-generating capability and document its recommendation. 4. A finalized proposal shall be submitted to the University President for approval and recommendation. 5. The University President shall endorse the approved proposal to the LNU Board of Regents. 6. The LNU Board of Regents shall issue the final approval or disapproval decision before project implementation."
modified,This procedure applies to all academic and non-academic staff who have item positions in the University.,"This procedure applies to academic and non-academic University personnel with item positions who are eligible for learning and development interventions, including scholarships, fellowships, research assistance, training, and related grants.",,The revision retains the intended coverage and clarifies the learning and development interventions governed by the procedure.,Appropriate,0,"[0.0, 0.0, 0.0, 0.0, 0.0, 0.0, 0.0, 0.0, 0.0, 0.0, 0.0, 0.0]","[CHANGE TYPE]
modified

[ORIGINAL TEXT]
This procedure applies to all academic and non-academic staff who have item positions in the University.

[REVISED TEXT]
This procedure applies to academic and non-academic University personnel with item positions who are eligible for learning and development interventions, including scholarships, fellowships, research assistance, training, and related grants."
modified,5.1 FORM SLRD 2016 KRA 4.3b for relevant training hours or conferences attended by faculty and staff in the last three years. 5.2 Five year Development Plan. 5.3 Scholarship Contract.,"The following controlled forms shall be used, as applicable, for learning and development activities: 5.1 FORM SLRD 2016 KRA 4.3b for relevant training hours or conferences attended by faculty and staff in the last three years; 5.2 Five year Development Plan; and 5.3 Scholarship Contract. Responsible personnel shall use current approved versions and retain completed forms with the related learning and development records.",,The revision retains the forms list and adds appropriate controls for current approved versions and retention of related records.,Appropriate,0,"[0.0, 0.0, 0.0, 0.0, 0.0, 0.0, 0.0, 0.0, 0.0, 0.0, 0.0, 0.0]","[CHANGE TYPE]
modified

[ORIGINAL TEXT]
5.1 FORM SLRD 2016 KRA 4.3b for relevant training hours or conferences attended by faculty and staff in the last three years. 5.2 Five year Development Plan. 5.3 Scholarship Contract.

[REVISED TEXT]
The following controlled forms shall be used, as applicable, for learning and development activities: 5.1 FORM SLRD 2016 KRA 4.3b for relevant training hours or conferences attended by faculty and staff in the last three years; 5.2 Five year Development Plan; and 5.3 Scholarship Contract. Responsible personnel shall use current approved versions and retain completed forms with the related learning and development records."
reordered,VPs and Program Heads conduct planning sessions. The Planning Officer reviews OPCR and schedules PMT deliberation. PMT reviews OPCR alignment with the strategic plan and MFOs and recommends approval. The University President approves OPCR. College Deans or Directors assign tasks. Employees prepare IPCRs. College Deans or Office Chiefs sign and forward IPCRs. The Planning Officer consolidates IPCRs and forwards them to the President for approval. The President signs IPCRs and the Director HRM receives approved IPCRs.,1. Employees shall prepare IPCRs. 2. The University President shall approve the IPCRs. 3. College Deans or Directors shall assign tasks. 4. The PMT shall review OPCR alignment. 5. VPs and Program Heads shall conduct planning sessions.,illogical_sequence|missing_approval_step|missing_record_or_evidence|missing_responsibility,"The revision prepares and approves IPCRs before planning sessions, OPCR review and approval, and task assignment. It also omits the Planning Officer consolidation and Director HRM receipt of approved IPCRs.",Needs Revision,1,"[0.0, 0.0, 1.0, 1.0, 0.0, 1.0, 0.0, 0.0, 0.0, 1.0, 0.0, 0.0]","[CHANGE TYPE]
reordered

[ORIGINAL TEXT]
VPs and Program Heads conduct planning sessions. The Planning Officer reviews OPCR and schedules PMT deliberation. PMT reviews OPCR alignment with the strategic plan and MFOs and recommends approval. The University President approves OPCR. College Deans or Directors assign tasks. Employees prepare IPCRs. College Deans or Office Chiefs sign and forward IPCRs. The Planning Officer consolidates IPCRs and forwards them to the President for approval. The President signs IPCRs and the Director HRM receives approved IPCRs.

[REVISED TEXT]
1. Employees shall prepare IPCRs. 2. The University President shall approve the IPCRs. 3. College Deans or Directors shall assign tasks. 4. The PMT shall review OPCR alignment. 5. VPs and Program Heads shall conduct planning sessions."
added,"A reporting person issues a Disciplinary Action Slip, submits a Disciplinary Referral Slip to the VPSD, and OSD Staff records the case. The PHC determines whether formal investigation is warranted; when sufficient, formal charges are served on the respondent and parent or guardian. The respondent may answer in writing within ten calendar days. The Chair of the SDC notifies the student and parent or guardian of the hearing. The SDC renders a decision by majority vote within fifteen days after receiving the complaint. The student may appeal through the applicable review route.","A reporting person issues a Disciplinary Action Slip, submits a Disciplinary Referral Slip to the VPSD, and OSD Staff records the case. The PHC determines whether formal investigation is warranted; when sufficient, formal charges are served on the respondent and parent or guardian. The respondent may answer in writing within ten calendar days. The Chair of the SDC notifies the student and parent or guardian of the hearing. The SDC renders a decision by majority vote within fifteen days after receiving the complaint. The student may appeal through the applicable review route. The Office of the VPSD shall retain the referral, notices, written response when submitted, hearing record, decision, and appeal record in the authorized case file.",,The added record-retention requirement strengthens traceability of procedural actions while preserving the existing human-reviewed process.,Appropriate,0,"[0.0, 0.0, 0.0, 0.0, 0.0, 0.0, 0.0, 0.0, 0.0, 0.0, 0.0, 0.0]","[CHANGE TYPE]
added

[ORIGINAL TEXT]
A reporting person issues a Disciplinary Action Slip, submits a Disciplinary Referral Slip to the VPSD, and OSD Staff records the case. The PHC determines whether formal investigation is warranted; when sufficient, formal charges are served on the respondent and parent or guardian. The respondent may answer in writing within ten calendar days. The Chair of the SDC notifies the student and parent or guardian of the hearing. The SDC renders a decision by majority vote within fifteen days after receiving the complaint. The student may appeal through the applicable review route.

[REVISED TEXT]
A reporting person issues a Disciplinary Action Slip, submits a Disciplinary Referral Slip to the VPSD, and OSD Staff records the case. The PHC determines whether formal investigation is warranted; when sufficient, formal charges are served on the respondent and parent or guardian. The respondent may answer in writing within ten calendar days. The Chair of the SDC notifies the student and parent or guardian of the hearing. The SDC renders a decision by majority vote within fifteen days after receiving the complaint. The student may appeal through the applicable review route. The Office of the VPSD shall retain the referral, notices, written response when submitted, hearing record, decision, and appeal record in the authorized case file."
removed,"Accounting Staff-3 gathers Supporting Documents to initiate payment claims and forwards them to the Budget Office. The Budget Officer receives the Supporting Documents, verifies availability of allotment based on the RAOD, prepares the Obligation Request and Status in two copies, assigns an ORS or BURS number when allotment is available, records the obligation in the RAOD, reviews and certifies the ORS, forwards the ORS and Supporting Documents to the Accounting Office, and retains the original ORS for monitoring. Accounting Staff-3 checks completeness of the documents and prepares a Disbursement Voucher when complete.",The Budget Officer prepares the ORS and forwards it for payment processing.,missing_record_or_evidence|missing_traceability|missing_responsibility|insufficient_detail,"The revision removes the Supporting Documents, RAOD availability verification, return of unavailable claims, control-number assignment, obligation recording, certification, original-ORS retention, and Accounting Staff completeness check.",Needs Revision,1,"[0.0, 1.0, 1.0, 0.0, 1.0, 1.0, 0.0, 0.0, 0.0, 0.0, 0.0, 0.0]","[CHANGE TYPE]
removed

[ORIGINAL TEXT]
Accounting Staff-3 gathers Supporting Documents to initiate payment claims and forwards them to the Budget Office. The Budget Officer receives the Supporting Documents, verifies availability of allotment based on the RAOD, prepares the Obligation Request and Status in two copies, assigns an ORS or BURS number when allotment is available, records the obligation in the RAOD, reviews and certifies the ORS, forwards the ORS and Supporting Documents to the Accounting Office, and retains the original ORS for monitoring. Accounting Staff-3 checks completeness of the documents and prepares a Disbursement Voucher when complete.

[REVISED TEXT]
The Budget Officer prepares the ORS and forwards it for payment processing."
reordered,Employees submit Promissory Notes to the Accounting Office. Accounting Staff-7 prepares a Summary of Promissory Notes that identifies the employee accountabilities and the particular employee claim from which each amount will be charged or deducted. Accounting Staff-7 furnishes the Payroll Preparer with the Summary. Accounting Staff-2 effects the deduction in the payroll.,1. Accounting Staff-2 shall deduct amounts from employee payroll. 2. Accounting Staff-7 shall prepare a Summary. 3. Employees shall submit Promissory Notes. 4. The Payroll Preparer shall receive the Summary.,illogical_sequence|missing_record_or_evidence|missing_traceability,The revision deducts amounts before employees submit Promissory Notes and before the accountable amount and authorized deduction source are summarized and provided to the Payroll Preparer.,Needs Revision,1,"[0.0, 0.0, 0.0, 0.0, 1.0, 1.0, 0.0, 0.0, 0.0, 1.0, 0.0, 0.0]","[CHANGE TYPE]
reordered

[ORIGINAL TEXT]
Employees submit Promissory Notes to the Accounting Office. Accounting Staff-7 prepares a Summary of Promissory Notes that identifies the employee accountabilities and the particular employee claim from which each amount will be charged or deducted. Accounting Staff-7 furnishes the Payroll Preparer with the Summary. Accounting Staff-2 effects the deduction in the payroll.

[REVISED TEXT]
1. Accounting Staff-2 shall deduct amounts from employee payroll. 2. Accounting Staff-7 shall prepare a Summary. 3. Employees shall submit Promissory Notes. 4. The Payroll Preparer shall receive the Summary."
removed,5.1 External Provider Performance Evaluation Form.,Use an evaluation form when needed.,ambiguous_language|missing_record_or_evidence|missing_traceability|insufficient_detail,"The revision does not identify the required External Provider Performance Evaluation Form, who uses it, or how the completed evaluation record is controlled.",Needs Revision,1,"[1.0, 1.0, 0.0, 0.0, 1.0, 1.0, 0.0, 0.0, 0.0, 0.0, 0.0, 0.0]","[CHANGE TYPE]
removed

[ORIGINAL TEXT]
5.1 External Provider Performance Evaluation Form.

[REVISED TEXT]
Use an evaluation form when needed."
modified,3.1 Records containing personal information shall be handled in accordance with the Data Privacy Act of 2012. 3.2 Requests for information shall be governed by the Freedom of Information policy. 3.3 Accounts Receivable should be collected in a timely manner.,"3.1 Accounts-receivable records containing personal information shall be accessed, stored, disclosed, and retained in accordance with applicable data-privacy requirements and authorized University procedures. 3.2 Information requests shall be processed under the applicable Freedom of Information policy, subject to lawful restrictions on protected information. 3.3 Responsible offices shall monitor and pursue collection of accounts receivable within the applicable collection timeframe.",,"The revision retains privacy, information-request, and timely-collection requirements while making the account-receivable context and responsible action clearer.",Appropriate,0,"[0.0, 0.0, 0.0, 0.0, 0.0, 0.0, 0.0, 0.0, 0.0, 0.0, 0.0, 0.0]","[CHANGE TYPE]
modified

[ORIGINAL TEXT]
3.1 Records containing personal information shall be handled in accordance with the Data Privacy Act of 2012. 3.2 Requests for information shall be governed by the Freedom of Information policy. 3.3 Accounts Receivable should be collected in a timely manner.

[REVISED TEXT]
3.1 Accounts-receivable records containing personal information shall be accessed, stored, disclosed, and retained in accordance with applicable data-privacy requirements and authorized University procedures. 3.2 Information requests shall be processed under the applicable Freedom of Information policy, subject to lawful restrictions on protected information. 3.3 Responsible offices shall monitor and pursue collection of accounts receivable within the applicable collection timeframe."
modified,"The College Dean determines faculty who need seminar or training and recommends them in writing to the VPAS. The VPAS recommends approval to the University President. The University President approves and issues a travel order. Faculty or Staff attends the seminar or training and submits a narrative report, Certificate of Appearance, original boarding pass, and transportation receipts for attachment to the Liquidation Report.","1. The College Dean shall identify faculty members whose development needs require seminar or training participation and submit a written recommendation to the VPAS. 2. The VPAS shall recommend approval to the University President. 3. The University President shall approve participation and issue the required travel order. 4. The Faculty or Staff member shall attend the approved activity and submit a narrative report, Certificate of Appearance, and applicable travel and transportation evidence for attachment to the Liquidation Report.",,"The revision retains the development-need identification, written recommendation, approval, travel order, attendance, narrative report, and supporting-evidence requirements.",Appropriate,0,"[0.0, 0.0, 0.0, 0.0, 0.0, 0.0, 0.0, 0.0, 0.0, 0.0, 0.0, 0.0]","[CHANGE TYPE]
modified

[ORIGINAL TEXT]
The College Dean determines faculty who need seminar or training and recommends them in writing to the VPAS. The VPAS recommends approval to the University President. The University President approves and issues a travel order. Faculty or Staff attends the seminar or training and submits a narrative report, Certificate of Appearance, original boarding pass, and transportation receipts for attachment to the Liquidation Report.

[REVISED TEXT]
1. The College Dean shall identify faculty members whose development needs require seminar or training participation and submit a written recommendation to the VPAS. 2. The VPAS shall recommend approval to the University President. 3. The University President shall approve participation and issue the required travel order. 4. The Faculty or Staff member shall attend the approved activity and submit a narrative report, Certificate of Appearance, and applicable travel and transportation evidence for attachment to the Liquidation Report."
modified,5.1 Interview Rating Sheet. 5.2 Applicants Demonstration Form. 5.3 Summary of Ratings. 5.4 CSC Form 33-B Revised 2018.,"The following controlled forms shall be used, as applicable, in recruitment and selection activities: 5.1 Interview Rating Sheet; 5.2 Applicants Demonstration Form; 5.3 Summary of Ratings; and 5.4 CSC Form 33-B Revised 2018. The responsible HRMO personnel shall use current approved versions and retain completed forms with the corresponding selection records.",,The revision preserves the forms list and appropriately clarifies the use of current controlled versions and retention with selection records.,Appropriate,0,"[0.0, 0.0, 0.0, 0.0, 0.0, 0.0, 0.0, 0.0, 0.0, 0.0, 0.0, 0.0]","[CHANGE TYPE]
modified

[ORIGINAL TEXT]
5.1 Interview Rating Sheet. 5.2 Applicants Demonstration Form. 5.3 Summary of Ratings. 5.4 CSC Form 33-B Revised 2018.

[REVISED TEXT]
The following controlled forms shall be used, as applicable, in recruitment and selection activities: 5.1 Interview Rating Sheet; 5.2 Applicants Demonstration Form; 5.3 Summary of Ratings; and 5.4 CSC Form 33-B Revised 2018. The responsible HRMO personnel shall use current approved versions and retain completed forms with the corresponding selection records."
modified,"The Career and Personnel Development Program seeks to build a professional culture that is competent, efficient, cooperative, interactive, and socialized among employees. The program shall reward exemplary performance and provide remedial action for underperforming employees when necessary.",The program shall reward top performers only.,insufficient_detail|missing_responsibility|missing_traceability,The revision removes the professional-culture goal and the requirement to provide remedial development opportunities for underperforming employees.,Needs Revision,1,"[0.0, 1.0, 1.0, 0.0, 1.0, 0.0, 0.0, 0.0, 0.0, 0.0, 0.0, 0.0]","[CHANGE TYPE]
modified

[ORIGINAL TEXT]
The Career and Personnel Development Program seeks to build a professional culture that is competent, efficient, cooperative, interactive, and socialized among employees. The program shall reward exemplary performance and provide remedial action for underperforming employees when necessary.

[REVISED TEXT]
The program shall reward top performers only."
removed,Income Generating Office: 1. Posts a Public Bidding Notice in conspicuous places inside the University for seven calendar days. Bidder: 2. Fills up the Bidders Information Sheet. 3. Submits the sheet to the Income Generating Office. Income Generating Office: 4. Gives the Canvas Bid Form. Bidder: 5. Fills up the Canvas Bid Form and tenders the bid. Board of Management or IGO Director: 6. Opens the bid at the scheduled date and time. Income Generating Office: 7. Posts the winner or winners in three conspicuous places in the University premises.,The Income Generating Office shall post a public-bidding notice. The bidder shall submit a bid. The Board of Management or IGO Director shall open bids.,missing_traceability|missing_record_or_evidence|missing_responsibility|insufficient_detail,"The revision removes the notice duration, Bidders Information Sheet, Canvas Bid Form, results posting, and the evidence needed to trace the bidding process.",Needs Revision,1,"[0.0, 1.0, 1.0, 0.0, 1.0, 1.0, 0.0, 0.0, 0.0, 0.0, 0.0, 0.0]","[CHANGE TYPE]
removed

[ORIGINAL TEXT]
Income Generating Office: 1. Posts a Public Bidding Notice in conspicuous places inside the University for seven calendar days. Bidder: 2. Fills up the Bidders Information Sheet. 3. Submits the sheet to the Income Generating Office. Income Generating Office: 4. Gives the Canvas Bid Form. Bidder: 5. Fills up the Canvas Bid Form and tenders the bid. Board of Management or IGO Director: 6. Opens the bid at the scheduled date and time. Income Generating Office: 7. Posts the winner or winners in three conspicuous places in the University premises.

[REVISED TEXT]
The Income Generating Office shall post a public-bidding notice. The bidder shall submit a bid. The Board of Management or IGO Director shall open bids."
reordered,"No employee shall assume position duties without receiving a copy of the appointment from the HRMO after it is signed by the University President. New recruits shall receive orientation on University policies, procedures, rules, and laws. New members shall be provided appropriate tools and training for effective and efficient service.","New recruits shall receive orientation on University policies, procedures, rules, and applicable laws, as well as appropriate tools and training for effective service. An employee shall assume the duties of the position only after the University President has signed the appointment and the HRMO has furnished the employee with a copy.",,"The revision reorders orientation and appointment statements but preserves the signed-appointment prerequisite, orientation, tools, and training requirements.",Appropriate,0,"[0.0, 0.0, 0.0, 0.0, 0.0, 0.0, 0.0, 0.0, 0.0, 0.0, 0.0, 0.0]","[CHANGE TYPE]
reordered

[ORIGINAL TEXT]
No employee shall assume position duties without receiving a copy of the appointment from the HRMO after it is signed by the University President. New recruits shall receive orientation on University policies, procedures, rules, and laws. New members shall be provided appropriate tools and training for effective and efficient service.

[REVISED TEXT]
New recruits shall receive orientation on University policies, procedures, rules, and applicable laws, as well as appropriate tools and training for effective service. An employee shall assume the duties of the position only after the University President has signed the appointment and the HRMO has furnished the employee with a copy."
modified,Curriculum revision shall be conducted at least every four years or as the need arises.,"Curriculum revision shall be reviewed at least every four years or earlier when a documented academic, regulatory, stakeholder, or program need is identified.",,The revision preserves the four-year review period and clarifies that earlier revision should be supported by a documented need.,Appropriate,0,"[0.0, 0.0, 0.0, 0.0, 0.0, 0.0, 0.0, 0.0, 0.0, 0.0, 0.0, 0.0]","[CHANGE TYPE]
modified

[ORIGINAL TEXT]
Curriculum revision shall be conducted at least every four years or as the need arises.

[REVISED TEXT]
Curriculum revision shall be reviewed at least every four years or earlier when a documented academic, regulatory, stakeholder, or program need is identified."
modified,Delivery Lead Time has a maximum of 25 points and applies only to Regular External Providers. A score of 0-9 applies to the longest delivery lead time; 10-19 applies to a relatively shorter lead time; and 20-25 applies to the shortest delivery lead time among external providers.,New and Regular External Providers shall receive delivery scores based on whether delivery is fast or slow.,ambiguous_language|missing_traceability|insufficient_detail,The revision changes the applicability to include New Providers without a stated basis and removes the 25-point maximum and the defined comparative thresholds for delivery lead time.,Needs Revision,1,"[1.0, 1.0, 0.0, 0.0, 1.0, 0.0, 0.0, 0.0, 0.0, 0.0, 0.0, 0.0]","[CHANGE TYPE]
modified

[ORIGINAL TEXT]
Delivery Lead Time has a maximum of 25 points and applies only to Regular External Providers. A score of 0-9 applies to the longest delivery lead time; 10-19 applies to a relatively shorter lead time; and 20-25 applies to the shortest delivery lead time among external providers.

[REVISED TEXT]
New and Regular External Providers shall receive delivery scores based on whether delivery is fast or slow."
reordered,"The University President oversees system operation. The PRAISE Committee establishes internal rewards and recognition procedures and strategies. The Search Committee or Director HRM searches, screens, and collects a list of deserving employees from each office. The Performance Management Team identifies potential PRAISE nominees from the collected list. The PRAISE Committee determines top performers who qualify for awards and incentives. The University President rewards deserving employees.",1. The University President shall reward the employee. 2. The PRAISE Committee shall determine top performers. 3. The Performance Management Team shall identify nominees. 4. The Search Committee shall collect nominations. 5. The PRAISE Committee shall establish procedures.,illogical_sequence|missing_approval_step|missing_record_or_evidence,"The revision awards employees before procedures are established, nominations are collected and screened, nominees are identified, and top performers are determined.",Needs Revision,1,"[0.0, 0.0, 0.0, 1.0, 0.0, 1.0, 0.0, 0.0, 0.0, 1.0, 0.0, 0.0]","[CHANGE TYPE]
reordered

[ORIGINAL TEXT]
The University President oversees system operation. The PRAISE Committee establishes internal rewards and recognition procedures and strategies. The Search Committee or Director HRM searches, screens, and collects a list of deserving employees from each office. The Performance Management Team identifies potential PRAISE nominees from the collected list. The PRAISE Committee determines top performers who qualify for awards and incentives. The University President rewards deserving employees.

[REVISED TEXT]
1. The University President shall reward the employee. 2. The PRAISE Committee shall determine top performers. 3. The Performance Management Team shall identify nominees. 4. The Search Committee shall collect nominations. 5. The PRAISE Committee shall establish procedures."
modified,"3.1 Government resources shall be managed, expended, or utilized in accordance with laws and regulations and safeguarded against loss or wastage through illegal or improper disposition. Responsibility for faithful adherence rests directly with the chief or head of the government agency concerned. 3.2 No money shall be paid out of any public treasury or depository except pursuant to an appropriation law or other specific statutory authority. 3.3 All laws and regulations applicable to financial transactions shall be faithfully adhered to.","3.1 Government resources shall be managed, utilized, and safeguarded in accordance with applicable laws and regulations to prevent loss, wastage, and improper disposition. The head of the concerned government agency shall ensure implementation of these controls. 3.2 No public funds shall be disbursed without an appropriation law or other specific statutory authority. 3.3 Personnel involved in financial transactions shall comply with applicable laws, regulations, and authorized financial-control procedures.",,"The revision retains the legal-control principles, responsible authority, restriction on disbursement, and compliance requirement while using clearer and more organized wording.",Appropriate,0,"[0.0, 0.0, 0.0, 0.0, 0.0, 0.0, 0.0, 0.0, 0.0, 0.0, 0.0, 0.0]","[CHANGE TYPE]
modified

[ORIGINAL TEXT]
3.1 Government resources shall be managed, expended, or utilized in accordance with laws and regulations and safeguarded against loss or wastage through illegal or improper disposition. Responsibility for faithful adherence rests directly with the chief or head of the government agency concerned. 3.2 No money shall be paid out of any public treasury or depository except pursuant to an appropriation law or other specific statutory authority. 3.3 All laws and regulations applicable to financial transactions shall be faithfully adhered to.

[REVISED TEXT]
3.1 Government resources shall be managed, utilized, and safeguarded in accordance with applicable laws and regulations to prevent loss, wastage, and improper disposition. The head of the concerned government agency shall ensure implementation of these controls. 3.2 No public funds shall be disbursed without an appropriation law or other specific statutory authority. 3.3 Personnel involved in financial transactions shall comply with applicable laws, regulations, and authorized financial-control procedures."
modified,"A customer requests an item or service from a Project Worker. The Project Worker fills out a Job Order Form for services or Payment Request Form for merchandise. The customer reviews and signs the form, presents it at the Cash Management Office, and pays the fee. The Cashier receives payment and issues an Official Receipt. The customer presents the Official Receipt and form to the Project Worker, who records the receipt on the form and hands over the item or renders the service.","1. The customer shall request the desired item or service from the Project Worker. 2. The Project Worker shall prepare the applicable Job Order Form or Payment Request Form. 3. The customer shall review and sign the completed form, present it to the Cash Management Office, and pay the required fee. 4. The Cashier shall receive payment and issue an Official Receipt. 5. The customer shall present the Official Receipt and signed form to the Project Worker. 6. The Project Worker shall record the Official Receipt reference on the form before releasing the item or rendering the requested service.",,"The revision preserves the customer, Project Worker, and Cashier responsibilities; maintains the required form and receipt trail; and makes the payment-before-release sequence explicit.",Appropriate,0,"[0.0, 0.0, 0.0, 0.0, 0.0, 0.0, 0.0, 0.0, 0.0, 0.0, 0.0, 0.0]","[CHANGE TYPE]
modified

[ORIGINAL TEXT]
A customer requests an item or service from a Project Worker. The Project Worker fills out a Job Order Form for services or Payment Request Form for merchandise. The customer reviews and signs the form, presents it at the Cash Management Office, and pays the fee. The Cashier receives payment and issues an Official Receipt. The customer presents the Official Receipt and form to the Project Worker, who records the receipt on the form and hands over the item or renders the service.

[REVISED TEXT]
1. The customer shall request the desired item or service from the Project Worker. 2. The Project Worker shall prepare the applicable Job Order Form or Payment Request Form. 3. The customer shall review and sign the completed form, present it to the Cash Management Office, and pay the required fee. 4. The Cashier shall receive payment and issue an Official Receipt. 5. The customer shall present the Official Receipt and signed form to the Project Worker. 6. The Project Worker shall record the Official Receipt reference on the form before releasing the item or rendering the requested service."
modified,Any records which may contain personal information shall be handled in accordance with Republic Act 10173 or the Data Privacy Act of 2012.,Training and scholarship records may be shared with any requester.,possible_contradiction|missing_approval_step|missing_traceability|insufficient_detail,"The revision removes data-privacy controls and does not identify authorized access, lawful purpose, or safeguards for sharing staff development records.",Needs Revision,1,"[0.0, 1.0, 0.0, 1.0, 1.0, 0.0, 0.0, 0.0, 0.0, 0.0, 1.0, 0.0]","[CHANGE TYPE]
modified

[ORIGINAL TEXT]
Any records which may contain personal information shall be handled in accordance with Republic Act 10173 or the Data Privacy Act of 2012.

[REVISED TEXT]
Training and scholarship records may be shared with any requester."
removed,Recruitment shall follow Civil Service Commission laws and rules stating that government employment opportunities are open to all qualified citizens and that positive efforts shall attract the best qualified applicants. Employees shall be selected based on fitness to perform the duties and responsibilities of the position.,The HRMO may select applicants based on office preference.,possible_contradiction|missing_responsibility|insufficient_detail,The revision removes the open-opportunity and fitness-based requirements and introduces an undefined preference that could undermine merit-based recruitment.,Needs Revision,1,"[0.0, 1.0, 1.0, 0.0, 0.0, 0.0, 0.0, 0.0, 0.0, 0.0, 1.0, 0.0]","[CHANGE TYPE]
removed

[ORIGINAL TEXT]
Recruitment shall follow Civil Service Commission laws and rules stating that government employment opportunities are open to all qualified citizens and that positive efforts shall attract the best qualified applicants. Employees shall be selected based on fitness to perform the duties and responsibilities of the position.

[REVISED TEXT]
The HRMO may select applicants based on office preference."
modified,"Accounting Staff-4 receives the official eligible-athlete list from the Sports Director, checks document completeness, and prepares payroll. Accounting Staff-8 forwards the payroll and supporting documents for BURS issuance. The Budget Officer issues and signs the BURS. Accounting Staff-3 prepares the Disbursement Voucher. The VPAF certifies legality, the Accountant certifies cash availability and completeness, the University President approves payment, and the Cash Management Office processes and releases the allowance. The student signs the payroll.","1. Accounting Staff-4 shall receive the official eligible-athlete list from the Sports Director, check the completeness and propriety of supporting documents, and prepare the monthly payroll. 2. Accounting Staff-8 shall submit the payroll and supporting documents to the Budget Office for BURS issuance. 3. The Budget Officer shall issue and sign the BURS. 4. Accounting Staff-3 shall prepare the Disbursement Voucher. 5. The VPAF, Accountant, and University President shall complete the required legality, cash-availability, completeness, and approval actions before release. 6. The Cash Management Office shall release the allowance through the authorized payment process and obtain the student's payroll signature as proof of receipt.",,"The revision retains the eligibility list, payroll, BURS, DV, approval, payment, and proof-of-receipt requirements while clarifying the sequence.",Appropriate,0,"[0.0, 0.0, 0.0, 0.0, 0.0, 0.0, 0.0, 0.0, 0.0, 0.0, 0.0, 0.0]","[CHANGE TYPE]
modified

[ORIGINAL TEXT]
Accounting Staff-4 receives the official eligible-athlete list from the Sports Director, checks document completeness, and prepares payroll. Accounting Staff-8 forwards the payroll and supporting documents for BURS issuance. The Budget Officer issues and signs the BURS. Accounting Staff-3 prepares the Disbursement Voucher. The VPAF certifies legality, the Accountant certifies cash availability and completeness, the University President approves payment, and the Cash Management Office processes and releases the allowance. The student signs the payroll.

[REVISED TEXT]
1. Accounting Staff-4 shall receive the official eligible-athlete list from the Sports Director, check the completeness and propriety of supporting documents, and prepare the monthly payroll. 2. Accounting Staff-8 shall submit the payroll and supporting documents to the Budget Office for BURS issuance. 3. The Budget Officer shall issue and sign the BURS. 4. Accounting Staff-3 shall prepare the Disbursement Voucher. 5. The VPAF, Accountant, and University President shall complete the required legality, cash-availability, completeness, and approval actions before release. 6. The Cash Management Office shall release the allowance through the authorized payment process and obtain the student's payroll signature as proof of receipt."
reordered,"A reporting person issues a Disciplinary Action Slip, submits a Disciplinary Referral Slip to the VPSD, and OSD Staff records the case. The PHC determines whether formal investigation is warranted; when sufficient, formal charges are served on the respondent and parent or guardian. The respondent may answer in writing within ten calendar days. The Chair of the SDC notifies the student and parent or guardian of the hearing. The SDC renders a decision by majority vote within fifteen days after receiving the complaint. The student may appeal through the applicable review route.",1. The SDC shall render a decision. 2. The student may appeal. 3. The PHC shall assess the report. 4. Formal charges shall be served. 5. The respondent may provide a written answer. 6. The hearing shall be scheduled.,illogical_sequence|missing_record_or_evidence|missing_approval_step,"The revision puts decision and appeal steps before preliminary assessment, notice, response opportunity, and hearing, and it removes the initial referral and logbook documentation.",Needs Revision,1,"[0.0, 0.0, 0.0, 1.0, 0.0, 1.0, 0.0, 0.0, 0.0, 1.0, 0.0, 0.0]","[CHANGE TYPE]
reordered

[ORIGINAL TEXT]
A reporting person issues a Disciplinary Action Slip, submits a Disciplinary Referral Slip to the VPSD, and OSD Staff records the case. The PHC determines whether formal investigation is warranted; when sufficient, formal charges are served on the respondent and parent or guardian. The respondent may answer in writing within ten calendar days. The Chair of the SDC notifies the student and parent or guardian of the hearing. The SDC renders a decision by majority vote within fifteen days after receiving the complaint. The student may appeal through the applicable review route.

[REVISED TEXT]
1. The SDC shall render a decision. 2. The student may appeal. 3. The PHC shall assess the report. 4. Formal charges shall be served. 5. The respondent may provide a written answer. 6. The hearing shall be scheduled."
reordered,"The Academic Council deliberates the proposed new or revised curriculum for endorsement to the LNU Board of Regents. The LNU Board of Regents approves the proposed new or revised curriculum. The Curriculum Officer submits the approved curriculum to CHED, disseminates it after CHED approval, and the UCC Chair endorses implementation of the LNU-BOR approved and CHED compliant curriculum.",1. The UCC Chair shall endorse implementation. 2. The Curriculum Officer shall disseminate the curriculum. 3. The LNU Board of Regents shall approve the curriculum. 4. The Academic Council shall deliberate the proposal. 5. The Curriculum Officer shall submit the curriculum to CHED.,illogical_sequence|missing_approval_step|missing_record_or_evidence,"The revision endorses implementation and dissemination before Academic Council deliberation, BOR approval, CHED documentation, and confirmation of compliance.",Needs Revision,1,"[0.0, 0.0, 0.0, 1.0, 0.0, 1.0, 0.0, 0.0, 0.0, 1.0, 0.0, 0.0]","[CHANGE TYPE]
reordered

[ORIGINAL TEXT]
The Academic Council deliberates the proposed new or revised curriculum for endorsement to the LNU Board of Regents. The LNU Board of Regents approves the proposed new or revised curriculum. The Curriculum Officer submits the approved curriculum to CHED, disseminates it after CHED approval, and the UCC Chair endorses implementation of the LNU-BOR approved and CHED compliant curriculum.

[REVISED TEXT]
1. The UCC Chair shall endorse implementation. 2. The Curriculum Officer shall disseminate the curriculum. 3. The LNU Board of Regents shall approve the curriculum. 4. The Academic Council shall deliberate the proposal. 5. The Curriculum Officer shall submit the curriculum to CHED."
modified,5.1 Request to Revise or Develop a Curriculum.,"5.1 Request to Revise or Develop a Curriculum. The Program Chair shall use the current approved request form to obtain authority for curriculum development or revision, and the completed request shall be retained with the curriculum revision records.",,The revision preserves the required form and clarifies its use for authorization and record retention.,Appropriate,0,"[0.0, 0.0, 0.0, 0.0, 0.0, 0.0, 0.0, 0.0, 0.0, 0.0, 0.0, 0.0]","[CHANGE TYPE]
modified

[ORIGINAL TEXT]
5.1 Request to Revise or Develop a Curriculum.

[REVISED TEXT]
5.1 Request to Revise or Develop a Curriculum. The Program Chair shall use the current approved request form to obtain authority for curriculum development or revision, and the completed request shall be retained with the curriculum revision records."
modified,1.1 To effectively control and monitor accounts receivable in order to maintain the healthy cash flow of the University. 1.2 To recognize timely potential collection problems of accounts receivable. 1.3 To immediately take action on past due accounts.,1.1 To effectively monitor and control University accounts receivable in support of healthy cash flow. 1.2 To identify potential collection issues at an early stage. 1.3 To initiate timely and documented action on accounts that become past due.,,"The revision preserves the objectives of receivable control, early identification of collection issues, and action on past due accounts while improving clarity.",Appropriate,0,"[0.0, 0.0, 0.0, 0.0, 0.0, 0.0, 0.0, 0.0, 0.0, 0.0, 0.0, 0.0]","[CHANGE TYPE]
modified

[ORIGINAL TEXT]
1.1 To effectively control and monitor accounts receivable in order to maintain the healthy cash flow of the University. 1.2 To recognize timely potential collection problems of accounts receivable. 1.3 To immediately take action on past due accounts.

[REVISED TEXT]
1.1 To effectively monitor and control University accounts receivable in support of healthy cash flow. 1.2 To identify potential collection issues at an early stage. 1.3 To initiate timely and documented action on accounts that become past due."
removed,"Supply and Property Management Staff receives purchased items from the supplier and submits official receipts and purchased items to the Internal Auditor for inspection. The Internal Auditor checks that items meet the correct quality and quantity. The Supply and Property Management Director records capital expenditures and semi-expendable purchases in IGO records. Supply and Property Management Staff releases inspected items to IGO Staff or Director, who receives the items and signs the Requisition and Issue Slip.",Supplies are delivered to the Income Generating Office after purchase.,missing_responsibility|missing_record_or_evidence|missing_traceability|insufficient_detail,"The revision removes supplier receipt, official receipts, Internal Auditor inspection, quality and quantity verification, expenditure recording, controlled release, and signed acknowledgement through the Requisition and Issue Slip.",Needs Revision,1,"[0.0, 1.0, 1.0, 0.0, 1.0, 1.0, 0.0, 0.0, 0.0, 0.0, 0.0, 0.0]","[CHANGE TYPE]
removed

[ORIGINAL TEXT]
Supply and Property Management Staff receives purchased items from the supplier and submits official receipts and purchased items to the Internal Auditor for inspection. The Internal Auditor checks that items meet the correct quality and quantity. The Supply and Property Management Director records capital expenditures and semi-expendable purchases in IGO records. Supply and Property Management Staff releases inspected items to IGO Staff or Director, who receives the items and signs the Requisition and Issue Slip.

[REVISED TEXT]
Supplies are delivered to the Income Generating Office after purchase."
removed,3.4 Credentials and official records of Undergraduate students will not be released if they still have unpaid school fees prior to the implementation of Free Higher Education. 3.5 Credentials and official records of ILS/PLC and Masters/Doctoral students will only be released upon settlement of all assessed school fees.,Student credentials may be released regardless of accountabilities.,possible_contradiction|missing_approval_step|missing_traceability|insufficient_detail,The revision contradicts the account-settlement requirement and removes the account-verification control before issuing credentials and official records.,Needs Revision,1,"[0.0, 1.0, 0.0, 1.0, 1.0, 0.0, 0.0, 0.0, 0.0, 0.0, 1.0, 0.0]","[CHANGE TYPE]
removed

[ORIGINAL TEXT]
3.4 Credentials and official records of Undergraduate students will not be released if they still have unpaid school fees prior to the implementation of Free Higher Education. 3.5 Credentials and official records of ILS/PLC and Masters/Doctoral students will only be released upon settlement of all assessed school fees.

[REVISED TEXT]
Student credentials may be released regardless of accountabilities."
modified,"The Accountant refers to FAM 8.02 Disbursements, periodically sorts disbursements by Income Generating Project unit with its income to determine each project's financial performance, prepares and signs an Income Statement per project, and provides a copy to the IGO Director. The IGO Director communicates the Income Statement to each project manager or worker.",1. The Accountant shall process disbursements in accordance with the applicable disbursement procedure. 2. The Accountant shall periodically classify disbursements and income by Income Generating Project unit to determine project financial performance. 3. The Accountant shall prepare and sign an Income Statement for each project and provide a copy to the IGO Director. 4. The IGO Director shall communicate the applicable Income Statement to the concerned project manager or workers for information and performance monitoring.,,"The revision retains the financial-performance purpose, accountant responsibilities, project-level Income Statement, and communication to project personnel while organizing the steps logically.",Appropriate,0,"[0.0, 0.0, 0.0, 0.0, 0.0, 0.0, 0.0, 0.0, 0.0, 0.0, 0.0, 0.0]","[CHANGE TYPE]
modified

[ORIGINAL TEXT]
The Accountant refers to FAM 8.02 Disbursements, periodically sorts disbursements by Income Generating Project unit with its income to determine each project's financial performance, prepares and signs an Income Statement per project, and provides a copy to the IGO Director. The IGO Director communicates the Income Statement to each project manager or worker.

[REVISED TEXT]
1. The Accountant shall process disbursements in accordance with the applicable disbursement procedure. 2. The Accountant shall periodically classify disbursements and income by Income Generating Project unit to determine project financial performance. 3. The Accountant shall prepare and sign an Income Statement for each project and provide a copy to the IGO Director. 4. The IGO Director shall communicate the applicable Income Statement to the concerned project manager or workers for information and performance monitoring."
removed,3.5 The University President or designated officer shall approve all activities undertaken by the Income Generating Office operation. 3.6 Income Generating Project Proposals shall be reviewed by the Board of Management and approved by the University President and the Board of Regents before the start of any Income Generating Project. 3.7 The Board of Management shall periodically update the University President on Income Generating Office activities.,3.5 The Income Generating Office may begin projects when resources are available.,missing_approval_step|missing_responsibility|missing_traceability|possible_contradiction,"The revision removes the Board of Management review, approval by the University President and Board of Regents, and periodic reporting requirement. Starting projects based only on resource availability may conflict with the original approval sequence.",Needs Revision,1,"[0.0, 0.0, 1.0, 1.0, 1.0, 0.0, 0.0, 0.0, 0.0, 0.0, 1.0, 0.0]","[CHANGE TYPE]
removed

[ORIGINAL TEXT]
3.5 The University President or designated officer shall approve all activities undertaken by the Income Generating Office operation. 3.6 Income Generating Project Proposals shall be reviewed by the Board of Management and approved by the University President and the Board of Regents before the start of any Income Generating Project. 3.7 The Board of Management shall periodically update the University President on Income Generating Office activities.

[REVISED TEXT]
3.5 The Income Generating Office may begin projects when resources are available."
modified,"A portion of total faculty and staff shall be sent for scholarship or fellowship every school year. In rare cases where the allowed number of scholars may be exceeded, the University President may allow another applicant to go on study leave if the applicant submits a Unit Chair certification that the degree to be pursued is urgently needed by the University.",Any faculty or staff member may take study leave whenever they want.,missing_approval_step|missing_record_or_evidence|missing_responsibility|possible_contradiction,"The revision removes the annual allocation, rare-exception condition, Unit Chair certification, and University President decision required for additional study-leave approval.",Needs Revision,1,"[0.0, 0.0, 1.0, 1.0, 0.0, 1.0, 0.0, 0.0, 0.0, 0.0, 1.0, 0.0]","[CHANGE TYPE]
modified

[ORIGINAL TEXT]
A portion of total faculty and staff shall be sent for scholarship or fellowship every school year. In rare cases where the allowed number of scholars may be exceeded, the University President may allow another applicant to go on study leave if the applicant submits a Unit Chair certification that the degree to be pursued is urgently needed by the University.

[REVISED TEXT]
Any faculty or staff member may take study leave whenever they want."
removed,5.1 Request to Revise or Develop a Curriculum.,Curriculum changes may be requested informally.,missing_record_or_evidence|missing_traceability|missing_approval_step|insufficient_detail,The revision removes the formal request used to obtain authority for curriculum development or revision and weakens traceability of the initiation step.,Needs Revision,1,"[0.0, 1.0, 0.0, 1.0, 1.0, 1.0, 0.0, 0.0, 0.0, 0.0, 0.0, 0.0]","[CHANGE TYPE]
removed

[ORIGINAL TEXT]
5.1 Request to Revise or Develop a Curriculum.

[REVISED TEXT]
Curriculum changes may be requested informally."
added,5.1 Disbursement Voucher. 5.2 Obligation Request and Status. 5.3 Budget Utilization Request and Status. 5.4 Payroll. 5.5 Statement of Account.,5.1 Disbursement Voucher. 5.2 Obligation Request and Status. 5.3 Budget Utilization Request and Status. 5.4 Payroll. 5.5 Statement of Account. 5.6 Responsible personnel shall use the current approved version of the applicable form and retain completed forms in accordance with the records-control procedure.,,The added instruction is relevant to the listed forms and clarifies the use of current approved versions and retention of completed records.,Appropriate,0,"[0.0, 0.0, 0.0, 0.0, 0.0, 0.0, 0.0, 0.0, 0.0, 0.0, 0.0, 0.0]","[CHANGE TYPE]
added

[ORIGINAL TEXT]
5.1 Disbursement Voucher. 5.2 Obligation Request and Status. 5.3 Budget Utilization Request and Status. 5.4 Payroll. 5.5 Statement of Account.

[REVISED TEXT]
5.1 Disbursement Voucher. 5.2 Obligation Request and Status. 5.3 Budget Utilization Request and Status. 5.4 Payroll. 5.5 Statement of Account. 5.6 Responsible personnel shall use the current approved version of the applicable form and retain completed forms in accordance with the records-control procedure."
removed,"1.1 To provide guidelines and procedures in monitoring, accounting and reporting of the budget. 1.2 To ensure that proper and adequate monitoring strategies are in place.",1.1 To manage the budget.,ambiguous_language|insufficient_detail,"The revision replaces two specific objectives with a vague statement and removes the monitoring, accounting, reporting, and control purposes of the manual.",Needs Revision,1,"[1.0, 1.0, 0.0, 0.0, 0.0, 0.0, 0.0, 0.0, 0.0, 0.0, 0.0, 0.0]","[CHANGE TYPE]
removed

[ORIGINAL TEXT]
1.1 To provide guidelines and procedures in monitoring, accounting and reporting of the budget. 1.2 To ensure that proper and adequate monitoring strategies are in place.

[REVISED TEXT]
1.1 To manage the budget."
reordered,"The PRAISE shall provide monetary and non-monetary awards and incentives to recognize, acknowledge, and reward productive, creative, innovative, and ethical behavior of employees through formal and informal modes.","Through formal and informal modes, PRAISE shall provide monetary and non-monetary awards and incentives to recognize productive, creative, innovative, and ethical employee behavior.",,"The revision changes the sentence order but retains the award types, recognition purpose, behavior criteria, and formal or informal modes.",Appropriate,0,"[0.0, 0.0, 0.0, 0.0, 0.0, 0.0, 0.0, 0.0, 0.0, 0.0, 0.0, 0.0]","[CHANGE TYPE]
reordered

[ORIGINAL TEXT]
The PRAISE shall provide monetary and non-monetary awards and incentives to recognize, acknowledge, and reward productive, creative, innovative, and ethical behavior of employees through formal and informal modes.

[REVISED TEXT]
Through formal and informal modes, PRAISE shall provide monetary and non-monetary awards and incentives to recognize productive, creative, innovative, and ethical employee behavior."
added,1.1 To effectively control and monitor accounts receivable in order to maintain the healthy cash flow of the University. 1.2 To recognize timely potential collection problems of accounts receivable. 1.3 To immediately take action on past due accounts.,1.1 To effectively control and monitor accounts receivable in order to maintain the healthy cash flow of the University. 1.2 To recognize timely potential collection problems of accounts receivable. 1.3 To immediately take action on past due accounts. 1.4 To maintain accurate and traceable records of collection status and follow-up actions.,,The added objective supports the existing monitoring and collection purpose by adding a clear record-traceability outcome.,Appropriate,0,"[0.0, 0.0, 0.0, 0.0, 0.0, 0.0, 0.0, 0.0, 0.0, 0.0, 0.0, 0.0]","[CHANGE TYPE]
added

[ORIGINAL TEXT]
1.1 To effectively control and monitor accounts receivable in order to maintain the healthy cash flow of the University. 1.2 To recognize timely potential collection problems of accounts receivable. 1.3 To immediately take action on past due accounts.

[REVISED TEXT]
1.1 To effectively control and monitor accounts receivable in order to maintain the healthy cash flow of the University. 1.2 To recognize timely potential collection problems of accounts receivable. 1.3 To immediately take action on past due accounts. 1.4 To maintain accurate and traceable records of collection status and follow-up actions."
modified,"Faculty prepares supporting documents for QCE and submits them for preliminary evaluation. The College QCE Committee checks document order and compliance. The College Dean submits documents to the Institutional QCE Team or Committee. The Institutional QCE Team checks certified copies, relevance, evaluation period, and validity of documents; assigns credits; calculates total points; and certifies the evaluation. The University President endorses results to the Regional QCE Team, which reviews and approves results, conducts certification review, and endorses to the Zonal Computer Center. The Zonal Computer Center prepares print-outs and provides copies to the University.","1. Faculty shall prepare supporting documents for QCE. 2. The College QCE Committee shall conduct preliminary review for completeness and compliance. 3. The College Dean shall submit the reviewed documents to the Institutional QCE Team or Committee. 4. The Institutional QCE Team or Committee shall verify certified true copies, relevance, evaluation period, and document validity; assign credits; calculate total points; and certify the evaluation. 5. The University President shall endorse the certified QCE results to the Regional QCE Team. 6. The Regional QCE Team shall review and approve the results, conduct certification review, and endorse the approved result to the Zonal Computer Center. 7. The Zonal Computer Center shall prepare and furnish the required print-outs to the University.",,"The revision retains the faculty, committee, dean, President, regional team, and computer-center roles while organizing the QCE review and endorsement sequence.",Appropriate,0,"[0.0, 0.0, 0.0, 0.0, 0.0, 0.0, 0.0, 0.0, 0.0, 0.0, 0.0, 0.0]","[CHANGE TYPE]
modified

[ORIGINAL TEXT]
Faculty prepares supporting documents for QCE and submits them for preliminary evaluation. The College QCE Committee checks document order and compliance. The College Dean submits documents to the Institutional QCE Team or Committee. The Institutional QCE Team checks certified copies, relevance, evaluation period, and validity of documents; assigns credits; calculates total points; and certifies the evaluation. The University President endorses results to the Regional QCE Team, which reviews and approves results, conducts certification review, and endorses to the Zonal Computer Center. The Zonal Computer Center prepares print-outs and provides copies to the University.

[REVISED TEXT]
1. Faculty shall prepare supporting documents for QCE. 2. The College QCE Committee shall conduct preliminary review for completeness and compliance. 3. The College Dean shall submit the reviewed documents to the Institutional QCE Team or Committee. 4. The Institutional QCE Team or Committee shall verify certified true copies, relevance, evaluation period, and document validity; assign credits; calculate total points; and certify the evaluation. 5. The University President shall endorse the certified QCE results to the Regional QCE Team. 6. The Regional QCE Team shall review and approve the results, conduct certification review, and endorse the approved result to the Zonal Computer Center. 7. The Zonal Computer Center shall prepare and furnish the required print-outs to the University."
added,"The rewards and recognition system aims to identify, select, reward, and provide incentives to deserving employees; identify outstanding accomplishments and best practices; recognize accomplishments and innovations; motivate employees who contribute ideas and superior accomplishments; and reward employees individually or in groups for innovative ideas, exemplary behavior, public-interest service, and efforts that improve government operations and productivity.","The rewards and recognition system aims to identify, select, reward, and provide incentives to deserving employees; identify outstanding accomplishments and best practices; recognize accomplishments and innovations; motivate employees who contribute ideas and superior accomplishments; and reward employees individually or in groups for innovative ideas, exemplary behavior, public-interest service, and efforts that improve government operations and productivity. 1.6 To maintain documented and traceable nominations, evaluations, award decisions, and incentive releases.",,The added objective is relevant to the existing rewards process and supports accountability through traceable nomination and award records.,Appropriate,0,"[0.0, 0.0, 0.0, 0.0, 0.0, 0.0, 0.0, 0.0, 0.0, 0.0, 0.0, 0.0]","[CHANGE TYPE]
added

[ORIGINAL TEXT]
The rewards and recognition system aims to identify, select, reward, and provide incentives to deserving employees; identify outstanding accomplishments and best practices; recognize accomplishments and innovations; motivate employees who contribute ideas and superior accomplishments; and reward employees individually or in groups for innovative ideas, exemplary behavior, public-interest service, and efforts that improve government operations and productivity.

[REVISED TEXT]
The rewards and recognition system aims to identify, select, reward, and provide incentives to deserving employees; identify outstanding accomplishments and best practices; recognize accomplishments and innovations; motivate employees who contribute ideas and superior accomplishments; and reward employees individually or in groups for innovative ideas, exemplary behavior, public-interest service, and efforts that improve government operations and productivity. 1.6 To maintain documented and traceable nominations, evaluations, award decisions, and incentive releases."
modified,"These procedures apply to all accounts receivable arising from official University transactions, including operations of the LNU House, LNU Cafeteria, and inter-agency transactions with the Commission on Higher Education for implementation of Free Higher Education.",These procedures apply to all University transactions.,unclear_scope|insufficient_detail,"The proposed scope is overly broad and no longer identifies accounts receivable, official transaction sources, or the specific monitoring and collection context.",Needs Revision,1,"[0.0, 1.0, 0.0, 0.0, 0.0, 0.0, 0.0, 1.0, 0.0, 0.0, 0.0, 0.0]","[CHANGE TYPE]
modified

[ORIGINAL TEXT]
These procedures apply to all accounts receivable arising from official University transactions, including operations of the LNU House, LNU Cafeteria, and inter-agency transactions with the Commission on Higher Education for implementation of Free Higher Education.

[REVISED TEXT]
These procedures apply to all University transactions."
modified,"No obligation shall be certified to accounts payable unless the obligation is founded on a valid claim that is properly supported by sufficient evidence and unless there is proper authority for its incurrence. Certification for a non-existent or fictitious obligation or creditor is void, and payments made under such certification are illegal.","An obligation may be certified only when it is supported by a valid claim, sufficient supporting evidence, and proper authority for its incurrence. The certifying official shall verify the completeness and validity of the supporting documents before certification. Certifications involving fictitious obligations or creditors are void and shall be subject to the applicable legal and administrative consequences.",,"The revision retains the valid-claim, evidence, authorization, and fictitious-obligation controls while clarifying the certifying official's verification responsibility.",Appropriate,0,"[0.0, 0.0, 0.0, 0.0, 0.0, 0.0, 0.0, 0.0, 0.0, 0.0, 0.0, 0.0]","[CHANGE TYPE]
modified

[ORIGINAL TEXT]
No obligation shall be certified to accounts payable unless the obligation is founded on a valid claim that is properly supported by sufficient evidence and unless there is proper authority for its incurrence. Certification for a non-existent or fictitious obligation or creditor is void, and payments made under such certification are illegal.

[REVISED TEXT]
An obligation may be certified only when it is supported by a valid claim, sufficient supporting evidence, and proper authority for its incurrence. The certifying official shall verify the completeness and validity of the supporting documents before certification. Certifications involving fictitious obligations or creditors are void and shall be subject to the applicable legal and administrative consequences."
modified,This procedure applies to all curricular offerings for undergraduate and graduate programs in the University.,This procedure applies to all academic activities of the University.,unclear_scope|insufficient_detail,"The revision is overly broad and no longer identifies curricular offerings, undergraduate and graduate programs, or the specific development and review process covered.",Needs Revision,1,"[0.0, 1.0, 0.0, 0.0, 0.0, 0.0, 0.0, 1.0, 0.0, 0.0, 0.0, 0.0]","[CHANGE TYPE]
modified

[ORIGINAL TEXT]
This procedure applies to all curricular offerings for undergraduate and graduate programs in the University.

[REVISED TEXT]
This procedure applies to all academic activities of the University."
modified,"A reporting person issues two copies of the Disciplinary Action Slip to the student and submits a Disciplinary Referral Slip to the VPSD. The student may complete the applicable Permit to Enter the Campus or Admission Slip. The student meets the Guidance Counselor with the Disciplinary Action Slip and promissory letter. The Guidance Counselor signs the Student Violation Clearance Form. OSD Staff enters the case in the Student Violation Logbook. The student reports to the VPSD, who evaluates the case and signs the clearance form.","1. The reporting security guard, faculty member, personnel, or student shall issue the required Disciplinary Action Slip and submit the Disciplinary Referral Slip to the Office of the VPSD. 2. The student shall complete the applicable Permit to Enter the Campus or Admission Slip when required. 3. The student shall report to the Guidance Counselor with the Disciplinary Action Slip and required promissory letter. 4. The Guidance Counselor shall provide the required reminder and sign the Student Violation Clearance Form. 5. OSD Staff shall record the case in the Student Violation Logbook. 6. The student shall report to the VPSD, who shall evaluate the documented case and sign the clearance form.",,"The revision retains the reporting, referral, applicable student forms, guidance step, logbook entry, VPSD evaluation, and clearance documentation sequence.",Appropriate,0,"[0.0, 0.0, 0.0, 0.0, 0.0, 0.0, 0.0, 0.0, 0.0, 0.0, 0.0, 0.0]","[CHANGE TYPE]
modified

[ORIGINAL TEXT]
A reporting person issues two copies of the Disciplinary Action Slip to the student and submits a Disciplinary Referral Slip to the VPSD. The student may complete the applicable Permit to Enter the Campus or Admission Slip. The student meets the Guidance Counselor with the Disciplinary Action Slip and promissory letter. The Guidance Counselor signs the Student Violation Clearance Form. OSD Staff enters the case in the Student Violation Logbook. The student reports to the VPSD, who evaluates the case and signs the clearance form.

[REVISED TEXT]
1. The reporting security guard, faculty member, personnel, or student shall issue the required Disciplinary Action Slip and submit the Disciplinary Referral Slip to the Office of the VPSD. 2. The student shall complete the applicable Permit to Enter the Campus or Admission Slip when required. 3. The student shall report to the Guidance Counselor with the Disciplinary Action Slip and required promissory letter. 4. The Guidance Counselor shall provide the required reminder and sign the Student Violation Clearance Form. 5. OSD Staff shall record the case in the Student Violation Logbook. 6. The student shall report to the VPSD, who shall evaluate the documented case and sign the clearance form."
modified,Income Generating Office: 1. Prepares and issues a billing statement for each Stall Holder. Stall Holder: 2. Pays the monthly billing at the Cash Management Office. Cashier Staff: 3. Receives cash for monthly dues. 4. Issues an Official Receipt. Stall Holder: 5. Presents the Official Receipt to IGO Staff. IGO Staff: 6. Records the payment in the ledger. 7. Prepares and issues a Monthly Report on Rentals.,1. The Income Generating Office shall prepare and issue a billing statement for each Stall Holder. 2. The Stall Holder shall pay the billed amount through the Cash Management Office. 3. Cashier Staff shall receive payment and issue an Official Receipt. 4. The Stall Holder shall present the Official Receipt to the IGO Staff. 5. The IGO Staff shall verify the receipt and record the payment in the rental ledger. 6. The IGO Staff shall prepare the Monthly Report on Rentals from the verified ledger entries.,,The revision preserves the actor-to-activity sequence and clarifies receipt verification before ledger entry and monthly reporting.,Appropriate,0,"[0.0, 0.0, 0.0, 0.0, 0.0, 0.0, 0.0, 0.0, 0.0, 0.0, 0.0, 0.0]","[CHANGE TYPE]
modified

[ORIGINAL TEXT]
Income Generating Office: 1. Prepares and issues a billing statement for each Stall Holder. Stall Holder: 2. Pays the monthly billing at the Cash Management Office. Cashier Staff: 3. Receives cash for monthly dues. 4. Issues an Official Receipt. Stall Holder: 5. Presents the Official Receipt to IGO Staff. IGO Staff: 6. Records the payment in the ledger. 7. Prepares and issues a Monthly Report on Rentals.

[REVISED TEXT]
1. The Income Generating Office shall prepare and issue a billing statement for each Stall Holder. 2. The Stall Holder shall pay the billed amount through the Cash Management Office. 3. Cashier Staff shall receive payment and issue an Official Receipt. 4. The Stall Holder shall present the Official Receipt to the IGO Staff. 5. The IGO Staff shall verify the receipt and record the payment in the rental ledger. 6. The IGO Staff shall prepare the Monthly Report on Rentals from the verified ledger entries."
removed,External providers shall be evaluated based on their ability to meet company requirements. Evaluation of accredited external providers shall be done at least once a year.,External providers may be reviewed from time to time.,ambiguous_language|missing_traceability|insufficient_detail,"The revision removes the annual evaluation frequency, the requirement to assess the provider's ability to meet requirements, and a clear basis for documenting evaluation results.",Needs Revision,1,"[1.0, 1.0, 0.0, 0.0, 1.0, 0.0, 0.0, 0.0, 0.0, 0.0, 0.0, 0.0]","[CHANGE TYPE]
removed

[ORIGINAL TEXT]
External providers shall be evaluated based on their ability to meet company requirements. Evaluation of accredited external providers shall be done at least once a year.

[REVISED TEXT]
External providers may be reviewed from time to time."
modified,3.1 All items purchased for the Income Generating Office operations shall be inspected before use or sale. 3.2 A Special Order shall be issued to workers before assumption to duty. 3.3 Student laborers shall observe proper limitations as to their assigned tasks. 3.4 All income shall be deposited to the depository bank on the following day.,"3.1 Purchased items intended for Income Generating Office operations shall be inspected and accepted before they are used, released, or sold. 3.2 Workers shall be issued the required Special Order before reporting for duty. 3.3 Student laborers shall perform only tasks within their authorized assignments and applicable limitations. 3.4 The Income Generating Office shall ensure that income collections are recorded and deposited to the authorized depository bank on the next banking day, subject to applicable cash-handling procedures.",,"The revision retains the inspection, work-authorization, student-labor, and income-deposit requirements while clarifying the responsible unit and control activities.",Appropriate,0,"[0.0, 0.0, 0.0, 0.0, 0.0, 0.0, 0.0, 0.0, 0.0, 0.0, 0.0, 0.0]","[CHANGE TYPE]
modified

[ORIGINAL TEXT]
3.1 All items purchased for the Income Generating Office operations shall be inspected before use or sale. 3.2 A Special Order shall be issued to workers before assumption to duty. 3.3 Student laborers shall observe proper limitations as to their assigned tasks. 3.4 All income shall be deposited to the depository bank on the following day.

[REVISED TEXT]
3.1 Purchased items intended for Income Generating Office operations shall be inspected and accepted before they are used, released, or sold. 3.2 Workers shall be issued the required Special Order before reporting for duty. 3.3 Student laborers shall perform only tasks within their authorized assignments and applicable limitations. 3.4 The Income Generating Office shall ensure that income collections are recorded and deposited to the authorized depository bank on the next banking day, subject to applicable cash-handling procedures."
modified,Employees submit Promissory Notes to the Accounting Office. Accounting Staff-7 prepares a Summary of Promissory Notes that identifies the employee accountabilities and the particular employee claim from which each amount will be charged or deducted. Accounting Staff-7 furnishes the Payroll Preparer with the Summary. Accounting Staff-2 effects the deduction in the payroll.,"1. Employees shall submit Promissory Notes to the Accounting Office. 2. Accounting Staff-7 shall prepare a Summary of received Promissory Notes, identify the related employee accountability, and state the authorized employee claim from which the amount will be deducted. 3. Accounting Staff-7 shall provide the Summary to the Payroll Preparer. 4. Accounting Staff-2 shall implement the payroll deduction based on the approved Summary.",,"The revision retains the Promissory Note, summary, identified deduction source, Payroll Preparer handoff, and payroll-deduction responsibilities.",Appropriate,0,"[0.0, 0.0, 0.0, 0.0, 0.0, 0.0, 0.0, 0.0, 0.0, 0.0, 0.0, 0.0]","[CHANGE TYPE]
modified

[ORIGINAL TEXT]
Employees submit Promissory Notes to the Accounting Office. Accounting Staff-7 prepares a Summary of Promissory Notes that identifies the employee accountabilities and the particular employee claim from which each amount will be charged or deducted. Accounting Staff-7 furnishes the Payroll Preparer with the Summary. Accounting Staff-2 effects the deduction in the payroll.

[REVISED TEXT]
1. Employees shall submit Promissory Notes to the Accounting Office. 2. Accounting Staff-7 shall prepare a Summary of received Promissory Notes, identify the related employee accountability, and state the authorized employee claim from which the amount will be deducted. 3. Accounting Staff-7 shall provide the Summary to the Payroll Preparer. 4. Accounting Staff-2 shall implement the payroll deduction based on the approved Summary."
modified,"This procedure defines the actions and responsibilities of the Human Resource Management Office in recruitment, selection, placement and promotion of personnel. It covers receiving applications, conducting the selection process and interviews, records or background investigation, and deployment of the successful applicant.","This procedure defines the Human Resource Management Office responsibilities for recruitment, selection, placement, promotion, and deployment of personnel. It covers job vacancy publication, receipt and evaluation of applications, qualification and background review, interviews and deliberation, appointment approval, release of appointment papers, and orientation of successful applicants.",,The revision retains the HRMO responsibility and expands the scope description to clearly reflect the major activities contained in the procedure.,Appropriate,0,"[0.0, 0.0, 0.0, 0.0, 0.0, 0.0, 0.0, 0.0, 0.0, 0.0, 0.0, 0.0]","[CHANGE TYPE]
modified

[ORIGINAL TEXT]
This procedure defines the actions and responsibilities of the Human Resource Management Office in recruitment, selection, placement and promotion of personnel. It covers receiving applications, conducting the selection process and interviews, records or background investigation, and deployment of the successful applicant.

[REVISED TEXT]
This procedure defines the Human Resource Management Office responsibilities for recruitment, selection, placement, promotion, and deployment of personnel. It covers job vacancy publication, receipt and evaluation of applications, qualification and background review, interviews and deliberation, appointment approval, release of appointment papers, and orientation of successful applicants."
reordered,3.5 The University President or designated officer shall approve all activities undertaken by the Income Generating Office operation. 3.6 Income Generating Project Proposals shall be reviewed by the Board of Management and approved by the University President and the Board of Regents before the start of any Income Generating Project. 3.7 The Board of Management shall periodically update the University President on Income Generating Office activities.,3.5 Income Generating Project Proposals shall be reviewed by the Board of Management and approved by the University President and the Board of Regents before implementation. 3.6 The University President or designated officer shall approve applicable activities undertaken by the Income Generating Office. 3.7 The Board of Management shall periodically provide documented updates to the University President on Income Generating Office activities.,,"The revision reorganizes the related approval requirements while retaining the Board review, required approvals before implementation, and management-update responsibility.",Appropriate,0,"[0.0, 0.0, 0.0, 0.0, 0.0, 0.0, 0.0, 0.0, 0.0, 0.0, 0.0, 0.0]","[CHANGE TYPE]
reordered

[ORIGINAL TEXT]
3.5 The University President or designated officer shall approve all activities undertaken by the Income Generating Office operation. 3.6 Income Generating Project Proposals shall be reviewed by the Board of Management and approved by the University President and the Board of Regents before the start of any Income Generating Project. 3.7 The Board of Management shall periodically update the University President on Income Generating Office activities.

[REVISED TEXT]
3.5 Income Generating Project Proposals shall be reviewed by the Board of Management and approved by the University President and the Board of Regents before implementation. 3.6 The University President or designated officer shall approve applicable activities undertaken by the Income Generating Office. 3.7 The Board of Management shall periodically provide documented updates to the University President on Income Generating Office activities."
modified,"The Program on Awards and Incentives for Service Excellence shall provide incentives and awards based on performance, innovative ideas, and exemplary behavior.",PRAISE awards shall be based on popularity among employees.,possible_contradiction|missing_traceability|insufficient_detail,"The revision replaces the stated performance, innovative-idea, and exemplary-behavior criteria with an unsupported and undefined popularity basis.",Needs Revision,1,"[0.0, 1.0, 0.0, 0.0, 1.0, 0.0, 0.0, 0.0, 0.0, 0.0, 1.0, 0.0]","[CHANGE TYPE]
modified

[ORIGINAL TEXT]
The Program on Awards and Incentives for Service Excellence shall provide incentives and awards based on performance, innovative ideas, and exemplary behavior.

[REVISED TEXT]
PRAISE awards shall be based on popularity among employees."
modified,"The Budget Officer receives the General Appropriation Act and allotment release documents from the Department of Budget and Management. The Budget Officer records the appropriations and allotments in the appropriate columns of the Registry of Appropriations and Allotments and the Registry of Allotments, Obligations and Disbursements. The allotment amount should not exceed the authorized appropriations in the General Appropriation Act; appropriate action should be taken if it exceeds the appropriation.","1. The Budget Officer shall receive the General Appropriation Act and allotment release documents from the Department of Budget and Management. 2. The Budget Officer shall record authorized appropriations and released allotments in the appropriate columns of the Registry of Appropriations and Allotments and the Registry of Allotments, Obligations and Disbursements. 3. Before recording an allotment, the Budget Officer shall verify that the allotment does not exceed the authorized appropriation in the General Appropriation Act. 4. If an excess is identified, the Budget Officer shall document the discrepancy and refer it for the appropriate action before further processing.",,The revision preserves the Budget Officer's responsibilities and adds a clear verification and documented escalation step for allotments that exceed authorized appropriations.,Appropriate,0,"[0.0, 0.0, 0.0, 0.0, 0.0, 0.0, 0.0, 0.0, 0.0, 0.0, 0.0, 0.0]","[CHANGE TYPE]
modified

[ORIGINAL TEXT]
The Budget Officer receives the General Appropriation Act and allotment release documents from the Department of Budget and Management. The Budget Officer records the appropriations and allotments in the appropriate columns of the Registry of Appropriations and Allotments and the Registry of Allotments, Obligations and Disbursements. The allotment amount should not exceed the authorized appropriations in the General Appropriation Act; appropriate action should be taken if it exceeds the appropriation.

[REVISED TEXT]
1. The Budget Officer shall receive the General Appropriation Act and allotment release documents from the Department of Budget and Management. 2. The Budget Officer shall record authorized appropriations and released allotments in the appropriate columns of the Registry of Appropriations and Allotments and the Registry of Allotments, Obligations and Disbursements. 3. Before recording an allotment, the Budget Officer shall verify that the allotment does not exceed the authorized appropriation in the General Appropriation Act. 4. If an excess is identified, the Budget Officer shall document the discrepancy and refer it for the appropriate action before further processing."
modified,1.1 To provide guidelines and procedures in the revision and development of curricular programs in the University. 1.2 To ensure quality and relevant curricular offerings compliant to CHED memoranda.,"1.1 To provide clear guidelines and procedures for the development, review, revision, and validation of University curricular programs. 1.2 To ensure that curricular offerings are relevant, quality-assured, and aligned with applicable CHED memoranda and standards.",,"The revision preserves the original objectives while clarifying development, review, validation, quality assurance, relevance, and CHED alignment.",Appropriate,0,"[0.0, 0.0, 0.0, 0.0, 0.0, 0.0, 0.0, 0.0, 0.0, 0.0, 0.0, 0.0]","[CHANGE TYPE]
modified

[ORIGINAL TEXT]
1.1 To provide guidelines and procedures in the revision and development of curricular programs in the University. 1.2 To ensure quality and relevant curricular offerings compliant to CHED memoranda.

[REVISED TEXT]
1.1 To provide clear guidelines and procedures for the development, review, revision, and validation of University curricular programs. 1.2 To ensure that curricular offerings are relevant, quality-assured, and aligned with applicable CHED memoranda and standards."
modified,The SPMS Calendar requires yearly targets in the first week of the year; IPCR and DPCR submissions for January to June and July to December; DPCR calibration in the second week of the following year; and quarterly monitoring of accomplishment.,SPMS forms may be submitted whenever employees are ready.,ambiguous_language|missing_traceability|insufficient_detail,"The revision removes the established submission periods, annual target deadline, DPCR calibration timeframe, and quarterly monitoring schedule.",Needs Revision,1,"[1.0, 1.0, 0.0, 0.0, 1.0, 0.0, 0.0, 0.0, 0.0, 0.0, 0.0, 0.0]","[CHANGE TYPE]
modified

[ORIGINAL TEXT]
The SPMS Calendar requires yearly targets in the first week of the year; IPCR and DPCR submissions for January to June and July to December; DPCR calibration in the second week of the following year; and quarterly monitoring of accomplishment.

[REVISED TEXT]
SPMS forms may be submitted whenever employees are ready."
removed,"No employee shall assume position duties without receiving a copy of the appointment from the HRMO after it is signed by the University President. New recruits shall receive orientation on University policies, procedures, rules, and laws. New members shall be provided appropriate tools and training for effective and efficient service.",New employees may report for duty immediately and receive documents later.,possible_contradiction|missing_approval_step|missing_record_or_evidence|insufficient_detail,"The revision removes the signed appointment and HRMO-issued appointment copy requirement before duty assumption, as well as orientation, tools, and training requirements.",Needs Revision,1,"[0.0, 1.0, 0.0, 1.0, 0.0, 1.0, 0.0, 0.0, 0.0, 0.0, 1.0, 0.0]","[CHANGE TYPE]
removed

[ORIGINAL TEXT]
No employee shall assume position duties without receiving a copy of the appointment from the HRMO after it is signed by the University President. New recruits shall receive orientation on University policies, procedures, rules, and laws. New members shall be provided appropriate tools and training for effective and efficient service.

[REVISED TEXT]
New employees may report for duty immediately and receive documents later."
modified,"The College Dean prepares development plans for employees with Unsatisfactory and Poor ratings. PMT identifies potential PRAISE award nominees. The PRAISE Committee determines top performers for awards and incentives. Heads and employees discuss competency-assessment results, strengths, gaps, career paths, and alternatives. The Planning Officer or Director HRM consolidates and coordinates development interventions.","Employees with low ratings should improve, and awards may be given to good employees.",ambiguous_language|missing_responsibility|missing_traceability|insufficient_detail,"The revision removes the College Dean's development-plan responsibility, PMT nomination, PRAISE Committee determination, competency discussion, coordinated interventions, progress monitoring, and criteria for awards.",Needs Revision,1,"[1.0, 1.0, 1.0, 0.0, 1.0, 0.0, 0.0, 0.0, 0.0, 0.0, 0.0, 0.0]","[CHANGE TYPE]
modified

[ORIGINAL TEXT]
The College Dean prepares development plans for employees with Unsatisfactory and Poor ratings. PMT identifies potential PRAISE award nominees. The PRAISE Committee determines top performers for awards and incentives. Heads and employees discuss competency-assessment results, strengths, gaps, career paths, and alternatives. The Planning Officer or Director HRM consolidates and coordinates development interventions.

[REVISED TEXT]
Employees with low ratings should improve, and awards may be given to good employees."
reordered,"Faculty or Personnel prepares a Project Proposal. The IGO Director receives the proposal and submits it to the Board of Management for deliberation. The Board of Management deliberates the proposal according to financial status and income-generating capability, then submits a finalized proposal to the University President for approval and recommendation. The University President approves the proposal and submits it to the LNU Board of Regents for approval. The LNU Board of Regents approves or disapproves the proposal.",1. Faculty or Personnel shall prepare a Project Proposal. 2. The LNU Board of Regents shall approve or disapprove the proposal. 3. The IGO Director shall submit the proposal to the Board of Management for deliberation. 4. The University President shall approve the proposal. 5. The Board of Management shall evaluate the proposal.,illogical_sequence|missing_responsibility|missing_approval_step|insufficient_detail,"The revision places the Board of Regents decision before the Board of Management evaluation and University President approval, removes the required handoffs, and creates an illogical approval sequence.",Needs Revision,1,"[0.0, 1.0, 1.0, 1.0, 0.0, 0.0, 0.0, 0.0, 0.0, 1.0, 0.0, 0.0]","[CHANGE TYPE]
reordered

[ORIGINAL TEXT]
Faculty or Personnel prepares a Project Proposal. The IGO Director receives the proposal and submits it to the Board of Management for deliberation. The Board of Management deliberates the proposal according to financial status and income-generating capability, then submits a finalized proposal to the University President for approval and recommendation. The University President approves the proposal and submits it to the LNU Board of Regents for approval. The LNU Board of Regents approves or disapproves the proposal.

[REVISED TEXT]
1. Faculty or Personnel shall prepare a Project Proposal. 2. The LNU Board of Regents shall approve or disapprove the proposal. 3. The IGO Director shall submit the proposal to the Board of Management for deliberation. 4. The University President shall approve the proposal. 5. The Board of Management shall evaluate the proposal."
reordered,"For Regular External Providers, evaluation summaries are: 75-100 retain supplier; 50-74 retain supplier and point out weakness; 15-49 discretion of ED or CD; and 0-14 suspend business. For New External Providers, evaluation summaries are: 30-50 can start business; 20-29 can start business and ask to improve; 10-19 discretion of ED or CD; and 0-9 no business.",For Regular External Providers: 0-14 suspend business; 15-49 for ED or CD discretion; 50-74 retain supplier and point out weakness; and 75-100 retain supplier. For New External Providers: 0-9 no business; 10-19 for ED or CD discretion; 20-29 can start business and ask to improve; and 30-50 can start business.,,The revision orders the score ranges from lowest to highest but retains all score thresholds and associated evaluation decisions.,Appropriate,0,"[0.0, 0.0, 0.0, 0.0, 0.0, 0.0, 0.0, 0.0, 0.0, 0.0, 0.0, 0.0]","[CHANGE TYPE]
reordered

[ORIGINAL TEXT]
For Regular External Providers, evaluation summaries are: 75-100 retain supplier; 50-74 retain supplier and point out weakness; 15-49 discretion of ED or CD; and 0-14 suspend business. For New External Providers, evaluation summaries are: 30-50 can start business; 20-29 can start business and ask to improve; 10-19 discretion of ED or CD; and 0-9 no business.

[REVISED TEXT]
For Regular External Providers: 0-14 suspend business; 15-49 for ED or CD discretion; 50-74 retain supplier and point out weakness; and 75-100 retain supplier. For New External Providers: 0-9 no business; 10-19 for ED or CD discretion; 20-29 can start business and ask to improve; and 30-50 can start business."
removed,"The Student Disciplinary Committee conducts formal investigation. The SDC includes the Dean of the student respondent, VPSD, SSC President, and the security guard, faculty, or personnel who filed the complaint. When the complainant is another student, the complainant's dean sits as the fifth member.",A staff member shall investigate and decide all cases.,missing_responsibility|missing_approval_step|missing_traceability|insufficient_detail,"The revision removes the defined Student Disciplinary Committee, representative membership, formal investigation, and documented committee decision process.",Needs Revision,1,"[0.0, 1.0, 1.0, 1.0, 1.0, 0.0, 0.0, 0.0, 0.0, 0.0, 0.0, 0.0]","[CHANGE TYPE]
removed

[ORIGINAL TEXT]
The Student Disciplinary Committee conducts formal investigation. The SDC includes the Dean of the student respondent, VPSD, SSC President, and the security guard, faculty, or personnel who filed the complaint. When the complainant is another student, the complainant's dean sits as the fifth member.

[REVISED TEXT]
A staff member shall investigate and decide all cases."
added,"The Accountant generates a Schedule of Accounts Receivable with Aging using the eNGAS System, sorts accounts aged over one year, prepares Demand Letters for debtors with accounts aging over one year, and forwards copies to the University President for signature. The University President signs the Demand Letters. Records Management Staff sends the Demand Letters to debtors through a courier if necessary.","The Accountant generates a Schedule of Accounts Receivable with Aging using the eNGAS System, sorts accounts aged over one year, prepares Demand Letters for debtors with accounts aging over one year, and forwards copies to the University President for signature. The University President signs the Demand Letters. Records Management Staff sends the Demand Letters to debtors through a courier if necessary. The Records Management Staff shall record the date, delivery method, and proof of dispatch for each Demand Letter.",,The added requirement supports traceability of Demand Letter dispatch and is relevant to the existing collection-follow-up process.,Appropriate,0,"[0.0, 0.0, 0.0, 0.0, 0.0, 0.0, 0.0, 0.0, 0.0, 0.0, 0.0, 0.0]","[CHANGE TYPE]
added

[ORIGINAL TEXT]
The Accountant generates a Schedule of Accounts Receivable with Aging using the eNGAS System, sorts accounts aged over one year, prepares Demand Letters for debtors with accounts aging over one year, and forwards copies to the University President for signature. The University President signs the Demand Letters. Records Management Staff sends the Demand Letters to debtors through a courier if necessary.

[REVISED TEXT]
The Accountant generates a Schedule of Accounts Receivable with Aging using the eNGAS System, sorts accounts aged over one year, prepares Demand Letters for debtors with accounts aging over one year, and forwards copies to the University President for signature. The University President signs the Demand Letters. Records Management Staff sends the Demand Letters to debtors through a courier if necessary. The Records Management Staff shall record the date, delivery method, and proof of dispatch for each Demand Letter."
modified,"This procedure defines the actions and responsibilities of the Human Resource Management Office in recruitment, selection, placement and promotion of personnel. It covers receiving applications, conducting the selection process and interviews, records or background investigation, and deployment of the successful applicant.",This procedure applies to all matters involving University employees.,unclear_scope|insufficient_detail,"The revision is overly broad and no longer identifies the HRMO, recruitment, selection, placement, promotion, or the covered process activities.",Needs Revision,1,"[0.0, 1.0, 0.0, 0.0, 0.0, 0.0, 0.0, 1.0, 0.0, 0.0, 0.0, 0.0]","[CHANGE TYPE]
modified

[ORIGINAL TEXT]
This procedure defines the actions and responsibilities of the Human Resource Management Office in recruitment, selection, placement and promotion of personnel. It covers receiving applications, conducting the selection process and interviews, records or background investigation, and deployment of the successful applicant.

[REVISED TEXT]
This procedure applies to all matters involving University employees."
reordered,"The Stall Holder shall not install, affix, or construct permanent fixtures in their respective spaces. When improvement or modification is necessary to maintain the brand or insignia of the product, the Stall Holder may secure the consent of the LNU-IGO Management. Installation and construction shall be shouldered by the Stall Holder. Upon termination or end of the contract, the Stall Holder shall restore the leased premises to its original state.","The Stall Holder shall restore the leased premises to its original state upon termination or end of the contract. The Stall Holder shall not install, affix, or construct permanent fixtures in their respective spaces. When improvement or modification is necessary to maintain the brand or insignia of the product, the Stall Holder shall first secure the consent of the LNU-IGO Management. Any approved installation or construction shall be shouldered by the Stall Holder.",,"The revision changes the presentation order but retains the prohibition, approval requirement, cost responsibility, and restoration obligation. The sequence remains understandable.",Appropriate,0,"[0.0, 0.0, 0.0, 0.0, 0.0, 0.0, 0.0, 0.0, 0.0, 0.0, 0.0, 0.0]","[CHANGE TYPE]
reordered

[ORIGINAL TEXT]
The Stall Holder shall not install, affix, or construct permanent fixtures in their respective spaces. When improvement or modification is necessary to maintain the brand or insignia of the product, the Stall Holder may secure the consent of the LNU-IGO Management. Installation and construction shall be shouldered by the Stall Holder. Upon termination or end of the contract, the Stall Holder shall restore the leased premises to its original state.

[REVISED TEXT]
The Stall Holder shall restore the leased premises to its original state upon termination or end of the contract. The Stall Holder shall not install, affix, or construct permanent fixtures in their respective spaces. When improvement or modification is necessary to maintain the brand or insignia of the product, the Stall Holder shall first secure the consent of the LNU-IGO Management. Any approved installation or construction shall be shouldered by the Stall Holder."
modified,3.1 Records containing personal information shall be handled in accordance with the Data Privacy Act of 2012. 3.2 Requests for information shall be governed by the Freedom of Information policy.,"3.1 Student accounting records containing personal information shall be accessed, stored, disclosed, and retained only in accordance with applicable data-privacy requirements and authorized University procedures. 3.2 Requests for information shall be processed under the applicable Freedom of Information policy, subject to lawful restrictions on protected student information.",,The revision preserves the privacy and information-request controls while clarifying the activities covered and the protection of student information.,Appropriate,0,"[0.0, 0.0, 0.0, 0.0, 0.0, 0.0, 0.0, 0.0, 0.0, 0.0, 0.0, 0.0]","[CHANGE TYPE]
modified

[ORIGINAL TEXT]
3.1 Records containing personal information shall be handled in accordance with the Data Privacy Act of 2012. 3.2 Requests for information shall be governed by the Freedom of Information policy.

[REVISED TEXT]
3.1 Student accounting records containing personal information shall be accessed, stored, disclosed, and retained only in accordance with applicable data-privacy requirements and authorized University procedures. 3.2 Requests for information shall be processed under the applicable Freedom of Information policy, subject to lawful restrictions on protected student information."
modified,"For Regular External Providers, evaluation summaries are: 75-100 retain supplier; 50-74 retain supplier and point out weakness; 15-49 discretion of ED or CD; and 0-14 suspend business. For New External Providers, evaluation summaries are: 30-50 can start business; 20-29 can start business and ask to improve; 10-19 discretion of ED or CD; and 0-9 no business.","All providers with a score of 50 or above shall be retained or allowed to start business, while all others shall be suspended.",possible_contradiction|insufficient_detail|missing_responsibility,"The revision removes the different score ranges and decisions for Regular and New Providers, eliminates ED or CD discretion, and incorrectly treats all lower scores as suspension cases.",Needs Revision,1,"[0.0, 1.0, 1.0, 0.0, 0.0, 0.0, 0.0, 0.0, 0.0, 0.0, 1.0, 0.0]","[CHANGE TYPE]
modified

[ORIGINAL TEXT]
For Regular External Providers, evaluation summaries are: 75-100 retain supplier; 50-74 retain supplier and point out weakness; 15-49 discretion of ED or CD; and 0-14 suspend business. For New External Providers, evaluation summaries are: 30-50 can start business; 20-29 can start business and ask to improve; 10-19 discretion of ED or CD; and 0-9 no business.

[REVISED TEXT]
All providers with a score of 50 or above shall be retained or allowed to start business, while all others shall be suspended."
modified,"The Accountant refers to FAM 8.02 Disbursements, periodically sorts disbursements by Income Generating Project unit with its income to determine each project's financial performance, prepares and signs an Income Statement per project, and provides a copy to the IGO Director. The IGO Director communicates the Income Statement to each project manager or worker.",Financial information will be shared with project workers when needed.,ambiguous_language|missing_responsibility|missing_record_or_evidence|insufficient_detail,"The revision does not identify the Accountant, applicable disbursement procedure, project-level classification of income and disbursements, Income Statement preparation and signature, IGO Director, or communication sequence.",Needs Revision,1,"[1.0, 1.0, 1.0, 0.0, 0.0, 1.0, 0.0, 0.0, 0.0, 0.0, 0.0, 0.0]","[CHANGE TYPE]
modified

[ORIGINAL TEXT]
The Accountant refers to FAM 8.02 Disbursements, periodically sorts disbursements by Income Generating Project unit with its income to determine each project's financial performance, prepares and signs an Income Statement per project, and provides a copy to the IGO Director. The IGO Director communicates the Income Statement to each project manager or worker.

[REVISED TEXT]
Financial information will be shared with project workers when needed."
modified,1.1 To provide guidelines and procedures in the observance of the laws of the land and the rules and regulations of the University. 1.2 To ensure student discipline. 1.3 To protect the University community.,"1.1 To provide clear and documented procedures for observance of applicable laws and University rules and regulations. 1.2 To support fair, consistent, and accountable student-discipline processes. 1.3 To protect the safety and welfare of the University community.",,"The revision preserves the objectives while clarifying that the procedures should be documented, fair, consistent, and accountable.",Appropriate,0,"[0.0, 0.0, 0.0, 0.0, 0.0, 0.0, 0.0, 0.0, 0.0, 0.0, 0.0, 0.0]","[CHANGE TYPE]
modified

[ORIGINAL TEXT]
1.1 To provide guidelines and procedures in the observance of the laws of the land and the rules and regulations of the University. 1.2 To ensure student discipline. 1.3 To protect the University community.

[REVISED TEXT]
1.1 To provide clear and documented procedures for observance of applicable laws and University rules and regulations. 1.2 To support fair, consistent, and accountable student-discipline processes. 1.3 To protect the safety and welfare of the University community."
modified,"Employees may be asked to render services beyond the eight-hour requirement as part of public service. When overtime compensation is fair and proper, the guidelines in the CSC-DBM Joint Circular No. 1, s. 2015 should be observed.","Employees may be required to render overtime service when necessary for public service. When overtime compensation is authorized, the responsible office shall apply the applicable CSC-DBM guidelines and maintain the required supporting records for authorization and compensation.",,The revision preserves the public-service and applicable-guideline requirements while adding a clear records requirement for authorized overtime compensation.,Appropriate,0,"[0.0, 0.0, 0.0, 0.0, 0.0, 0.0, 0.0, 0.0, 0.0, 0.0, 0.0, 0.0]","[CHANGE TYPE]
modified

[ORIGINAL TEXT]
Employees may be asked to render services beyond the eight-hour requirement as part of public service. When overtime compensation is fair and proper, the guidelines in the CSC-DBM Joint Circular No. 1, s. 2015 should be observed.

[REVISED TEXT]
Employees may be required to render overtime service when necessary for public service. When overtime compensation is authorized, the responsible office shall apply the applicable CSC-DBM guidelines and maintain the required supporting records for authorization and compensation."
modified,"These procedures apply to student accounting services including releasing labor and wages of student assistants, food allowance to student athletes, stipends, subsidies and allowances to scholars and grantees, requests for Statement of Account, refunds of school fees, and signing of applications for student records.","These procedures apply to the processing, approval, documentation, and release of student accounting services, including student-assistant wages, athlete food allowances, scholarships and grants, Statements of Account, school-fee refunds, and applications for student records.",,"The revision retains the listed student services and clarifies that the procedures cover processing, approval, documentation, and release activities.",Appropriate,0,"[0.0, 0.0, 0.0, 0.0, 0.0, 0.0, 0.0, 0.0, 0.0, 0.0, 0.0, 0.0]","[CHANGE TYPE]
modified

[ORIGINAL TEXT]
These procedures apply to student accounting services including releasing labor and wages of student assistants, food allowance to student athletes, stipends, subsidies and allowances to scholars and grantees, requests for Statement of Account, refunds of school fees, and signing of applications for student records.

[REVISED TEXT]
These procedures apply to the processing, approval, documentation, and release of student accounting services, including student-assistant wages, athlete food allowances, scholarships and grants, Statements of Account, school-fee refunds, and applications for student records."
modified,"The University President oversees system operation. The PRAISE Committee establishes internal rewards and recognition procedures and strategies. The Search Committee or Director HRM searches, screens, and collects a list of deserving employees from each office. The Performance Management Team identifies potential PRAISE nominees from the collected list. The PRAISE Committee determines top performers who qualify for awards and incentives. The University President rewards deserving employees.","The Search Committee or Director HRM shall collect nominations from offices, document the screening outcome, and forward qualified nominations to the Performance Management Team. The PMT shall identify potential nominees for each award category. The PRAISE Committee shall determine qualified top performers under approved criteria, and the University President shall confer the award or incentive.",,"The revision retains the nomination, screening, PMT, PRAISE Committee, and President sequence while expressing the process in concise and logical order.",Appropriate,0,"[0.0, 0.0, 0.0, 0.0, 0.0, 0.0, 0.0, 0.0, 0.0, 0.0, 0.0, 0.0]","[CHANGE TYPE]
modified

[ORIGINAL TEXT]
The University President oversees system operation. The PRAISE Committee establishes internal rewards and recognition procedures and strategies. The Search Committee or Director HRM searches, screens, and collects a list of deserving employees from each office. The Performance Management Team identifies potential PRAISE nominees from the collected list. The PRAISE Committee determines top performers who qualify for awards and incentives. The University President rewards deserving employees.

[REVISED TEXT]
The Search Committee or Director HRM shall collect nominations from offices, document the screening outcome, and forward qualified nominations to the Performance Management Team. The PMT shall identify potential nominees for each award category. The PRAISE Committee shall determine qualified top performers under approved criteria, and the University President shall confer the award or incentive."
modified,"The Student Disciplinary Committee conducts formal investigation. The SDC includes the Dean of the student respondent, VPSD, SSC President, and the security guard, faculty, or personnel who filed the complaint. When the complainant is another student, the complainant's dean sits as the fifth member.","The Student Disciplinary Committee shall conduct the formal investigation through its defined membership, including the Dean of the student respondent, VPSD, SSC President, and the reporting security guard, faculty member, or personnel. When the complainant is a student, the complainant's dean shall participate as the additional member. The committee shall document its proceedings and decision.",,The revision preserves committee membership and formal-investigation responsibility while strengthening documentation of proceedings and decisions.,Appropriate,0,"[0.0, 0.0, 0.0, 0.0, 0.0, 0.0, 0.0, 0.0, 0.0, 0.0, 0.0, 0.0]","[CHANGE TYPE]
modified

[ORIGINAL TEXT]
The Student Disciplinary Committee conducts formal investigation. The SDC includes the Dean of the student respondent, VPSD, SSC President, and the security guard, faculty, or personnel who filed the complaint. When the complainant is another student, the complainant's dean sits as the fifth member.

[REVISED TEXT]
The Student Disciplinary Committee shall conduct the formal investigation through its defined membership, including the Dean of the student respondent, VPSD, SSC President, and the reporting security guard, faculty member, or personnel. When the complainant is a student, the complainant's dean shall participate as the additional member. The committee shall document its proceedings and decision."
removed,"1.1 To establish a comprehensive recruitment, selection and placement of personnel for the University. 1.2 To hire and deploy competent personnel who meet the qualification standards of positions, perform duties and responsibilities, and satisfy manpower requirements. 1.3 To adhere to principles of merit and fitness in selection, placement, and promotion without discrimination based on gender, disability, religion, or ethnicity.",1.1 To hire employees for the University.,ambiguous_language|insufficient_detail|unclear_scope,"The revision removes the objectives concerning structured recruitment, qualification standards, placement, promotion, merit, fitness, and equal opportunity.",Needs Revision,1,"[1.0, 1.0, 0.0, 0.0, 0.0, 0.0, 0.0, 1.0, 0.0, 0.0, 0.0, 0.0]","[CHANGE TYPE]
removed

[ORIGINAL TEXT]
1.1 To establish a comprehensive recruitment, selection and placement of personnel for the University. 1.2 To hire and deploy competent personnel who meet the qualification standards of positions, perform duties and responsibilities, and satisfy manpower requirements. 1.3 To adhere to principles of merit and fitness in selection, placement, and promotion without discrimination based on gender, disability, religion, or ethnicity.

[REVISED TEXT]
1.1 To hire employees for the University."
removed,A portion of the Agency budget shall be allocated for the LNU Career and Development Plan from University income and incorporated in the Agency annual budget estimates for the fiscal year.,Learning and development activities may use funds if available.,ambiguous_language|missing_traceability|insufficient_detail,The revision removes the requirement to allocate a defined budget portion and incorporate the Career and Development Plan into annual fiscal-year budget estimates.,Needs Revision,1,"[1.0, 1.0, 0.0, 0.0, 1.0, 0.0, 0.0, 0.0, 0.0, 0.0, 0.0, 0.0]","[CHANGE TYPE]
removed

[ORIGINAL TEXT]
A portion of the Agency budget shall be allocated for the LNU Career and Development Plan from University income and incorporated in the Agency annual budget estimates for the fiscal year.

[REVISED TEXT]
Learning and development activities may use funds if available."
modified,"Selected applicants shall meet the minimum requirements of the position, and selection shall adhere to merit, fitness, and equality. Employee selection shall be based on relative qualifications and competence to perform position duties and responsibilities. There shall be equal employment opportunity and no discrimination based on gender, civil status, disability, religion, ethnicity, or political affiliation.","Applicants selected for a position shall meet the applicable minimum qualification requirements. The selection process shall assess relative qualifications, competence, merit, and fitness to perform the duties and responsibilities of the position. Equal employment opportunity shall be observed, and selection decisions shall not discriminate based on gender, civil status, disability, religion, ethnicity, or political affiliation.",,"The revision preserves qualification, merit, fitness, competence, and non-discrimination requirements while presenting the selection criteria in a clear sequence.",Appropriate,0,"[0.0, 0.0, 0.0, 0.0, 0.0, 0.0, 0.0, 0.0, 0.0, 0.0, 0.0, 0.0]","[CHANGE TYPE]
modified

[ORIGINAL TEXT]
Selected applicants shall meet the minimum requirements of the position, and selection shall adhere to merit, fitness, and equality. Employee selection shall be based on relative qualifications and competence to perform position duties and responsibilities. There shall be equal employment opportunity and no discrimination based on gender, civil status, disability, religion, ethnicity, or political affiliation.

[REVISED TEXT]
Applicants selected for a position shall meet the applicable minimum qualification requirements. The selection process shall assess relative qualifications, competence, merit, and fitness to perform the duties and responsibilities of the position. Equal employment opportunity shall be observed, and selection decisions shall not discriminate based on gender, civil status, disability, religion, ethnicity, or political affiliation."
modified,Quality of Product or Service has a maximum of 25 points and applies only to Regular External Providers. A score of 0-14 applies when three or more deliveries or deliverables were rejected; 15-19 applies when one or two deliveries or deliverables were rejected; and 20-25 applies when the provider meets or exceeds requesting-party requirements.,"For Regular External Providers, Quality of Product or Service shall be scored up to 25 points using documented delivery or deliverable results: 0-14 points for three or more rejected deliveries or deliverables; 15-19 points for one or two rejected deliveries or deliverables; and 20-25 points when requirements of the requesting party are met or exceeded.",,"The revision preserves the provider category, point maximum, rejection thresholds, and high-performance condition while presenting the scoring rule clearly.",Appropriate,0,"[0.0, 0.0, 0.0, 0.0, 0.0, 0.0, 0.0, 0.0, 0.0, 0.0, 0.0, 0.0]","[CHANGE TYPE]
modified

[ORIGINAL TEXT]
Quality of Product or Service has a maximum of 25 points and applies only to Regular External Providers. A score of 0-14 applies when three or more deliveries or deliverables were rejected; 15-19 applies when one or two deliveries or deliverables were rejected; and 20-25 applies when the provider meets or exceeds requesting-party requirements.

[REVISED TEXT]
For Regular External Providers, Quality of Product or Service shall be scored up to 25 points using documented delivery or deliverable results: 0-14 points for three or more rejected deliveries or deliverables; 15-19 points for one or two rejected deliveries or deliverables; and 20-25 points when requirements of the requesting party are met or exceeded."
modified,"For Regular External Providers, evaluation summaries are: 75-100 retain supplier; 50-74 retain supplier and point out weakness; 15-49 discretion of ED or CD; and 0-14 suspend business. For New External Providers, evaluation summaries are: 30-50 can start business; 20-29 can start business and ask to improve; 10-19 discretion of ED or CD; and 0-9 no business.",Evaluation results shall be interpreted according to provider type and approved score ranges. For Regular External Providers: 75-100 retain supplier; 50-74 retain supplier while identifying weaknesses for improvement; 15-49 for ED or CD discretion; and 0-14 suspend business. For New External Providers: 30-50 may start business; 20-29 may start business with required improvement; 10-19 for ED or CD discretion; and 0-9 no business.,,The revision retains the distinct Regular and New Provider score ranges and the corresponding decisions while making the required follow-up for identified weaknesses clearer.,Appropriate,0,"[0.0, 0.0, 0.0, 0.0, 0.0, 0.0, 0.0, 0.0, 0.0, 0.0, 0.0, 0.0]","[CHANGE TYPE]
modified

[ORIGINAL TEXT]
For Regular External Providers, evaluation summaries are: 75-100 retain supplier; 50-74 retain supplier and point out weakness; 15-49 discretion of ED or CD; and 0-14 suspend business. For New External Providers, evaluation summaries are: 30-50 can start business; 20-29 can start business and ask to improve; 10-19 discretion of ED or CD; and 0-9 no business.

[REVISED TEXT]
Evaluation results shall be interpreted according to provider type and approved score ranges. For Regular External Providers: 75-100 retain supplier; 50-74 retain supplier while identifying weaknesses for improvement; 15-49 for ED or CD discretion; and 0-14 suspend business. For New External Providers: 30-50 may start business; 20-29 may start business with required improvement; 10-19 for ED or CD discretion; and 0-9 no business."
modified,3.1 The LNU-IGO will open for bidding on all vacant stalls. 3.2 Only one bid quotation submission is allowed per interested bidder during bidding for stalls in the IGO Trade Park; husband and wife are considered one bidding entity. 3.3 The qualified winning bidder will be called a Stall Holder. 3.4 The LNU-IGO will permit the Stall Holder to use a stall in the IGO Trade Park. 3.5 The Stall Holder shall provide affordable goods and services to interested clientele in the University. 3.6 The Stall Holder may use the space only during the contract period.,3.1 The LNU-IGO shall make vacant stalls available through a documented public-bidding process. 3.2 Each eligible bidder may submit one bid quotation for a vacant stall; spouses shall be treated as one bidding entity. 3.3 A qualified winning bidder shall be designated as the Stall Holder upon completion of the award process. 3.4 The LNU-IGO shall authorize the Stall Holder to use the assigned stall only for the approved contract period. 3.5 The Stall Holder shall offer affordable goods and services to the University community in accordance with the approved contract.,,"The revision preserves the bidding, award, authorization, contract-period, and service requirements while making the policy wording more specific and organized.",Appropriate,0,"[0.0, 0.0, 0.0, 0.0, 0.0, 0.0, 0.0, 0.0, 0.0, 0.0, 0.0, 0.0]","[CHANGE TYPE]
modified

[ORIGINAL TEXT]
3.1 The LNU-IGO will open for bidding on all vacant stalls. 3.2 Only one bid quotation submission is allowed per interested bidder during bidding for stalls in the IGO Trade Park; husband and wife are considered one bidding entity. 3.3 The qualified winning bidder will be called a Stall Holder. 3.4 The LNU-IGO will permit the Stall Holder to use a stall in the IGO Trade Park. 3.5 The Stall Holder shall provide affordable goods and services to interested clientele in the University. 3.6 The Stall Holder may use the space only during the contract period.

[REVISED TEXT]
3.1 The LNU-IGO shall make vacant stalls available through a documented public-bidding process. 3.2 Each eligible bidder may submit one bid quotation for a vacant stall; spouses shall be treated as one bidding entity. 3.3 A qualified winning bidder shall be designated as the Stall Holder upon completion of the award process. 3.4 The LNU-IGO shall authorize the Stall Holder to use the assigned stall only for the approved contract period. 3.5 The Stall Holder shall offer affordable goods and services to the University community in accordance with the approved contract."
reordered,"The Budget Officer receives the General Appropriation Act and allotment release documents from the Department of Budget and Management. The Budget Officer records the appropriations and allotments in the appropriate columns of the Registry of Appropriations and Allotments and the Registry of Allotments, Obligations and Disbursements. The allotment amount should not exceed the authorized appropriations in the General Appropriation Act; appropriate action should be taken if it exceeds the appropriation.","1. The Budget Officer shall record the allotment in the Registry of Appropriations and Allotments and the Registry of Allotments, Obligations and Disbursements. 2. The Budget Officer shall receive the General Appropriation Act and allotment release documents from the Department of Budget and Management. 3. The Budget Officer shall verify whether the allotment exceeds the authorized appropriation.",illogical_sequence|missing_record_or_evidence,"The revision records the allotment before receiving and reviewing the General Appropriation Act and allotment release documents, which breaks the required verification sequence.",Needs Revision,1,"[0.0, 0.0, 0.0, 0.0, 0.0, 1.0, 0.0, 0.0, 0.0, 1.0, 0.0, 0.0]","[CHANGE TYPE]
reordered

[ORIGINAL TEXT]
The Budget Officer receives the General Appropriation Act and allotment release documents from the Department of Budget and Management. The Budget Officer records the appropriations and allotments in the appropriate columns of the Registry of Appropriations and Allotments and the Registry of Allotments, Obligations and Disbursements. The allotment amount should not exceed the authorized appropriations in the General Appropriation Act; appropriate action should be taken if it exceeds the appropriation.

[REVISED TEXT]
1. The Budget Officer shall record the allotment in the Registry of Appropriations and Allotments and the Registry of Allotments, Obligations and Disbursements. 2. The Budget Officer shall receive the General Appropriation Act and allotment release documents from the Department of Budget and Management. 3. The Budget Officer shall verify whether the allotment exceeds the authorized appropriation."
modified,5.1 None.,No documents are needed for rewards and recognition.,missing_record_or_evidence|missing_traceability|possible_contradiction,"The revision incorrectly removes the need for nomination, screening, evaluation, and award-decision records even though the procedure requires multiple review and determination activities.",Needs Revision,1,"[0.0, 0.0, 0.0, 0.0, 1.0, 1.0, 0.0, 0.0, 0.0, 0.0, 1.0, 0.0]","[CHANGE TYPE]
modified

[ORIGINAL TEXT]
5.1 None.

[REVISED TEXT]
No documents are needed for rewards and recognition."
modified,"SPMS quality ratings are 5 for no revision with complete documents, 4 for minor revision with one lacking document, 3 for major revision with two to three lacking documents, 2 for overall revision with four to five lacking documents, and 1 for no report with more than five lacking documents. Timeliness ratings range from 5 for submission three days before deadline to 1 for no submission. Efficiency ratings range from 5 for 95 percent and above accomplishment to 1 for 75 percent and below.","SPMS forms shall apply the approved Quality, Timeliness, and Efficiency rating scales. Quality ratings shall reflect accuracy, customer feedback, and document completeness; Timeliness ratings shall reflect submission relative to the deadline; and Efficiency ratings shall reflect the percentage of accomplishment. The applicable rating criteria and evidence shall be recorded in the performance review documentation.",,"The revision preserves the use of quality, timeliness, and efficiency scales while explaining their measurement basis and requiring evidence in performance records.",Appropriate,0,"[0.0, 0.0, 0.0, 0.0, 0.0, 0.0, 0.0, 0.0, 0.0, 0.0, 0.0, 0.0]","[CHANGE TYPE]
modified

[ORIGINAL TEXT]
SPMS quality ratings are 5 for no revision with complete documents, 4 for minor revision with one lacking document, 3 for major revision with two to three lacking documents, 2 for overall revision with four to five lacking documents, and 1 for no report with more than five lacking documents. Timeliness ratings range from 5 for submission three days before deadline to 1 for no submission. Efficiency ratings range from 5 for 95 percent and above accomplishment to 1 for 75 percent and below.

[REVISED TEXT]
SPMS forms shall apply the approved Quality, Timeliness, and Efficiency rating scales. Quality ratings shall reflect accuracy, customer feedback, and document completeness; Timeliness ratings shall reflect submission relative to the deadline; and Efficiency ratings shall reflect the percentage of accomplishment. The applicable rating criteria and evidence shall be recorded in the performance review documentation."
modified,"Faculty and personnel log in and log out through the biometrics system. The Records Officer prints monthly Daily Time Records within two working days of the following month, sends transmittal letters to divisions or offices, and retains copies. College Deans receive DTRs, sign, and submit them to HRM. The University President signs DTRs of Vice Presidents and Chiefs of Offices. The Director HRM receives signed DTRs and prepares payroll.","1. Faculty and personnel shall record attendance through the University biometric system. 2. Within two working days of the following month, the Records Officer shall print the Daily Time Records, send them with transmittal letters to the appropriate divisions or offices, and retain transmittal copies. 3. College Deans shall receive, sign, and submit DTRs of faculty under their supervision to the HRM Office. 4. The University President shall sign DTRs of Vice Presidents and Chiefs of Offices. 5. The Director HRM shall receive signed DTRs and use the verified records to prepare payroll for the period.",,"The revision retains biometric attendance, monthly DTR printing, transmittal, signing, submission, and payroll preparation while clarifying timing and use of verified records.",Appropriate,0,"[0.0, 0.0, 0.0, 0.0, 0.0, 0.0, 0.0, 0.0, 0.0, 0.0, 0.0, 0.0]","[CHANGE TYPE]
modified

[ORIGINAL TEXT]
Faculty and personnel log in and log out through the biometrics system. The Records Officer prints monthly Daily Time Records within two working days of the following month, sends transmittal letters to divisions or offices, and retains copies. College Deans receive DTRs, sign, and submit them to HRM. The University President signs DTRs of Vice Presidents and Chiefs of Offices. The Director HRM receives signed DTRs and prepares payroll.

[REVISED TEXT]
1. Faculty and personnel shall record attendance through the University biometric system. 2. Within two working days of the following month, the Records Officer shall print the Daily Time Records, send them with transmittal letters to the appropriate divisions or offices, and retain transmittal copies. 3. College Deans shall receive, sign, and submit DTRs of faculty under their supervision to the HRM Office. 4. The University President shall sign DTRs of Vice Presidents and Chiefs of Offices. 5. The Director HRM shall receive signed DTRs and use the verified records to prepare payroll for the period."
modified,"The Academic Council deliberates the proposed new or revised curriculum for endorsement to the LNU Board of Regents. The LNU Board of Regents approves the proposed new or revised curriculum. The Curriculum Officer submits the approved curriculum to CHED, disseminates it after CHED approval, and the UCC Chair endorses implementation of the LNU-BOR approved and CHED compliant curriculum.",The Program Chair may implement the revised curriculum after drafting it.,missing_approval_step|missing_traceability|missing_responsibility|possible_contradiction|insufficient_detail,"The revision removes Academic Council deliberation, BOR approval, CHED documentation and compliance, dissemination, and UCC Chair endorsement before implementation.",Needs Revision,1,"[0.0, 1.0, 1.0, 1.0, 1.0, 0.0, 0.0, 0.0, 0.0, 0.0, 1.0, 0.0]","[CHANGE TYPE]
modified

[ORIGINAL TEXT]
The Academic Council deliberates the proposed new or revised curriculum for endorsement to the LNU Board of Regents. The LNU Board of Regents approves the proposed new or revised curriculum. The Curriculum Officer submits the approved curriculum to CHED, disseminates it after CHED approval, and the UCC Chair endorses implementation of the LNU-BOR approved and CHED compliant curriculum.

[REVISED TEXT]
The Program Chair may implement the revised curriculum after drafting it."
reordered,"The Career and Personnel Development Program seeks to build a professional culture that is competent, efficient, cooperative, interactive, and socialized among employees. The program shall reward exemplary performance and provide remedial action for underperforming employees when necessary.","The Career and Personnel Development Program shall provide remedial development opportunities for underperforming employees when necessary and recognize exemplary performance. It shall also foster a professional culture characterized by competence, efficiency, cooperation, interaction, and socialization among employees.",,"The revision changes the presentation order but preserves the professional-culture, recognition, and remedial-development requirements.",Appropriate,0,"[0.0, 0.0, 0.0, 0.0, 0.0, 0.0, 0.0, 0.0, 0.0, 0.0, 0.0, 0.0]","[CHANGE TYPE]
reordered

[ORIGINAL TEXT]
The Career and Personnel Development Program seeks to build a professional culture that is competent, efficient, cooperative, interactive, and socialized among employees. The program shall reward exemplary performance and provide remedial action for underperforming employees when necessary.

[REVISED TEXT]
The Career and Personnel Development Program shall provide remedial development opportunities for underperforming employees when necessary and recognize exemplary performance. It shall also foster a professional culture characterized by competence, efficiency, cooperation, interaction, and socialization among employees."
removed,"Faculty prepares supporting documents for QCE and submits them for preliminary evaluation. The College QCE Committee checks document order and compliance. The College Dean submits documents to the Institutional QCE Team or Committee. The Institutional QCE Team checks certified copies, relevance, evaluation period, and validity of documents; assigns credits; calculates total points; and certifies the evaluation. The University President endorses results to the Regional QCE Team, which reviews and approves results, conducts certification review, and endorses to the Zonal Computer Center. The Zonal Computer Center prepares print-outs and provides copies to the University.",Faculty members submit QCE documents for approval.,ambiguous_language|missing_responsibility|missing_record_or_evidence|insufficient_detail,"The revision removes preliminary evaluation, certified-copy and validity checks, credit assignment, point calculation, certification, endorsements, regional approval, and print-out generation.",Needs Revision,1,"[1.0, 1.0, 1.0, 0.0, 0.0, 1.0, 0.0, 0.0, 0.0, 0.0, 0.0, 0.0]","[CHANGE TYPE]
removed

[ORIGINAL TEXT]
Faculty prepares supporting documents for QCE and submits them for preliminary evaluation. The College QCE Committee checks document order and compliance. The College Dean submits documents to the Institutional QCE Team or Committee. The Institutional QCE Team checks certified copies, relevance, evaluation period, and validity of documents; assigns credits; calculates total points; and certifies the evaluation. The University President endorses results to the Regional QCE Team, which reviews and approves results, conducts certification review, and endorses to the Zonal Computer Center. The Zonal Computer Center prepares print-outs and provides copies to the University.

[REVISED TEXT]
Faculty members submit QCE documents for approval."
reordered,"Student records such as Transfer Credential, Transcript of Records, and Certificate of Good Moral Character should only be released upon full settlement of the student's accountabilities with the University.","Before releasing a Transfer Credential, Transcript of Records, or Certificate of Good Moral Character, the responsible staff shall confirm that the student has fully settled accountabilities with the University.",,The revision keeps the settlement-before-release condition and presents the verification requirement before the release action.,Appropriate,0,"[0.0, 0.0, 0.0, 0.0, 0.0, 0.0, 0.0, 0.0, 0.0, 0.0, 0.0, 0.0]","[CHANGE TYPE]
reordered

[ORIGINAL TEXT]
Student records such as Transfer Credential, Transcript of Records, and Certificate of Good Moral Character should only be released upon full settlement of the student's accountabilities with the University.

[REVISED TEXT]
Before releasing a Transfer Credential, Transcript of Records, or Certificate of Good Moral Character, the responsible staff shall confirm that the student has fully settled accountabilities with the University."
removed,The development or revision of curricular programs in the University shall be a product of concerted efforts of both internal and external stakeholders of the University.,The Program Chair may revise the curriculum independently.,missing_responsibility|missing_traceability|insufficient_detail,The revision removes the requirement for internal and external stakeholder involvement and does not provide a documented consultation process.,Needs Revision,1,"[0.0, 1.0, 1.0, 0.0, 1.0, 0.0, 0.0, 0.0, 0.0, 0.0, 0.0, 0.0]","[CHANGE TYPE]
removed

[ORIGINAL TEXT]
The development or revision of curricular programs in the University shall be a product of concerted efforts of both internal and external stakeholders of the University.

[REVISED TEXT]
The Program Chair may revise the curriculum independently."
modified,"The student submits the Application for Student Records. Accounting Staff-4 receives the application, checks the student's ledger or account using the Student Information and Accounting System, signs the application if the student has no financial accountabilities, advises the student to settle accountabilities first if there are outstanding balances, signs the application after settlement, and releases the application to the student.",Accounting Staff-4 shall sign all Applications for Student Records and release them to students immediately.,possible_contradiction|missing_traceability|missing_responsibility|insufficient_detail,The revision removes the Student Information and Accounting System account check and allows signing before confirming that financial accountabilities have been settled.,Needs Revision,1,"[0.0, 1.0, 1.0, 0.0, 1.0, 0.0, 0.0, 0.0, 0.0, 0.0, 1.0, 0.0]","[CHANGE TYPE]
modified

[ORIGINAL TEXT]
The student submits the Application for Student Records. Accounting Staff-4 receives the application, checks the student's ledger or account using the Student Information and Accounting System, signs the application if the student has no financial accountabilities, advises the student to settle accountabilities first if there are outstanding balances, signs the application after settlement, and releases the application to the student.

[REVISED TEXT]
Accounting Staff-4 shall sign all Applications for Student Records and release them to students immediately."
added,3.5 The University President shall not incur or authorize expenditures or obligations in excess of allotments released by the DBM Secretary. Parties responsible for overdrafts shall be held personally liable. 3.6 Requests for information shall be governed by the Freedom of Information Policy.,"3.5 The University President shall not incur or authorize expenditures or obligations in excess of allotments released by the DBM Secretary. Parties responsible for overdrafts shall be held personally liable. 3.5.a Records containing personal information shall be accessed, stored, disclosed, and retained only in accordance with applicable data-privacy requirements and authorized University procedures. 3.6 Requests for information shall be received and processed under the applicable Freedom of Information Policy, subject to lawful restrictions on protected information.",,The added privacy requirement and revised information-request wording are relevant to the manual's record handling and retain the original spending-limit and information-policy controls.,Appropriate,0,"[0.0, 0.0, 0.0, 0.0, 0.0, 0.0, 0.0, 0.0, 0.0, 0.0, 0.0, 0.0]","[CHANGE TYPE]
added

[ORIGINAL TEXT]
3.5 The University President shall not incur or authorize expenditures or obligations in excess of allotments released by the DBM Secretary. Parties responsible for overdrafts shall be held personally liable. 3.6 Requests for information shall be governed by the Freedom of Information Policy.

[REVISED TEXT]
3.5 The University President shall not incur or authorize expenditures or obligations in excess of allotments released by the DBM Secretary. Parties responsible for overdrafts shall be held personally liable. 3.5.a Records containing personal information shall be accessed, stored, disclosed, and retained only in accordance with applicable data-privacy requirements and authorized University procedures. 3.6 Requests for information shall be received and processed under the applicable Freedom of Information Policy, subject to lawful restrictions on protected information."
added,5.1 Office Performance Commitment and Review Form. 5.2 Individual Performance Commitment and Review Form. 5.3 Division Performance Commitment and Review Form. 5.4 Summary List of Individual Ratings of Personnel. 5.5 Summary List of Individual Ratings of Faculty members with Multiple Functions.,5.1 Office Performance Commitment and Review Form. 5.2 Individual Performance Commitment and Review Form. 5.3 Division Performance Commitment and Review Form. 5.4 Summary List of Individual Ratings of Personnel. 5.5 Summary List of Individual Ratings of Faculty members with Multiple Functions. 5.6 Responsible personnel shall use the current approved version of each applicable SPMS form and retain completed forms with supporting performance records according to the records-control procedure.,,The added instruction is relevant to the SPMS forms list and supports controlled use and retention of performance records.,Appropriate,0,"[0.0, 0.0, 0.0, 0.0, 0.0, 0.0, 0.0, 0.0, 0.0, 0.0, 0.0, 0.0]","[CHANGE TYPE]
added

[ORIGINAL TEXT]
5.1 Office Performance Commitment and Review Form. 5.2 Individual Performance Commitment and Review Form. 5.3 Division Performance Commitment and Review Form. 5.4 Summary List of Individual Ratings of Personnel. 5.5 Summary List of Individual Ratings of Faculty members with Multiple Functions.

[REVISED TEXT]
5.1 Office Performance Commitment and Review Form. 5.2 Individual Performance Commitment and Review Form. 5.3 Division Performance Commitment and Review Form. 5.4 Summary List of Individual Ratings of Personnel. 5.5 Summary List of Individual Ratings of Faculty members with Multiple Functions. 5.6 Responsible personnel shall use the current approved version of each applicable SPMS form and retain completed forms with supporting performance records according to the records-control procedure."
reordered,"The College Dean determines faculty who need seminar or training and recommends them in writing to the VPAS. The VPAS recommends approval to the University President. The University President approves and issues a travel order. Faculty or Staff attends the seminar or training and submits a narrative report, Certificate of Appearance, original boarding pass, and transportation receipts for attachment to the Liquidation Report.",1. Faculty or Staff shall attend the seminar or training. 2. The University President shall issue a travel order. 3. The College Dean shall recommend faculty to the VPAS. 4. The VPAS shall recommend approval.,illogical_sequence|missing_approval_step|missing_record_or_evidence,The revision requires attendance before the College Dean and VPAS recommendations and before the University President approves and issues the travel order. It also omits post-activity reports and receipts.,Needs Revision,1,"[0.0, 0.0, 0.0, 1.0, 0.0, 1.0, 0.0, 0.0, 0.0, 1.0, 0.0, 0.0]","[CHANGE TYPE]
reordered

[ORIGINAL TEXT]
The College Dean determines faculty who need seminar or training and recommends them in writing to the VPAS. The VPAS recommends approval to the University President. The University President approves and issues a travel order. Faculty or Staff attends the seminar or training and submits a narrative report, Certificate of Appearance, original boarding pass, and transportation receipts for attachment to the Liquidation Report.

[REVISED TEXT]
1. Faculty or Staff shall attend the seminar or training. 2. The University President shall issue a travel order. 3. The College Dean shall recommend faculty to the VPAS. 4. The VPAS shall recommend approval."
removed,"Price of products offered has a maximum of 35 points and applies to both Regular and New External Providers. A score of 0-9 applies to the highest price, 10 percent more than other providers; 10-24 applies to a competitive or relatively lower price within plus or minus 10 percent; and 25-35 applies to the lowest price, 10 percent less than other providers.",The provider offering the lowest price shall automatically receive the highest evaluation result.,missing_traceability|insufficient_detail|possible_contradiction,"The revision removes the defined score bands, comparison threshold, maximum points, and consideration that the evaluation result is based on the complete set of criteria rather than price alone.",Needs Revision,1,"[0.0, 1.0, 0.0, 0.0, 1.0, 0.0, 0.0, 0.0, 0.0, 0.0, 1.0, 0.0]","[CHANGE TYPE]
removed

[ORIGINAL TEXT]
Price of products offered has a maximum of 35 points and applies to both Regular and New External Providers. A score of 0-9 applies to the highest price, 10 percent more than other providers; 10-24 applies to a competitive or relatively lower price within plus or minus 10 percent; and 25-35 applies to the lowest price, 10 percent less than other providers.

[REVISED TEXT]
The provider offering the lowest price shall automatically receive the highest evaluation result."
modified,"The average rating of employees within a department should not exceed that of the department head. DPCRs, UPCRs, and IPCRs should include submission of SALN, DTR, liquidation of cash advances, and attendance in flag raising ceremonies.","Employee ratings may exceed the rating of the department head, and compliance documents are optional.",possible_contradiction|missing_record_or_evidence|missing_traceability,The revision conflicts with the department-rating limitation and removes the stated document and attendance requirements from performance commitments and reviews.,Needs Revision,1,"[0.0, 0.0, 0.0, 0.0, 1.0, 1.0, 0.0, 0.0, 0.0, 0.0, 1.0, 0.0]","[CHANGE TYPE]
modified

[ORIGINAL TEXT]
The average rating of employees within a department should not exceed that of the department head. DPCRs, UPCRs, and IPCRs should include submission of SALN, DTR, liquidation of cash advances, and attendance in flag raising ceremonies.

[REVISED TEXT]
Employee ratings may exceed the rating of the department head, and compliance documents are optional."
modified,"Thirty days after submission of the Free Higher Education Billing to CHED, the Accountant monitors whether payment has been downloaded to the University account. If no payment is received after 30 days, the Accountant communicates weekly to CHED through its official email address, sends copies to concerned University officials and offices, and complies with identified deficiencies.",The Accountant may contact CHED if payment is delayed.,ambiguous_language|missing_traceability|missing_responsibility|insufficient_detail,"The revision removes the 30-day monitoring trigger, weekly follow-up requirement, official communication channel, notification of concerned officials, and requirement to address deficiencies.",Needs Revision,1,"[1.0, 1.0, 1.0, 0.0, 1.0, 0.0, 0.0, 0.0, 0.0, 0.0, 0.0, 0.0]","[CHANGE TYPE]
modified

[ORIGINAL TEXT]
Thirty days after submission of the Free Higher Education Billing to CHED, the Accountant monitors whether payment has been downloaded to the University account. If no payment is received after 30 days, the Accountant communicates weekly to CHED through its official email address, sends copies to concerned University officials and offices, and complies with identified deficiencies.

[REVISED TEXT]
The Accountant may contact CHED if payment is delayed."
reordered,3.5 The University President shall not incur or authorize expenditures or obligations in excess of allotments released by the DBM Secretary. Parties responsible for overdrafts shall be held personally liable.,Parties responsible for overdrafts shall be held personally liable. The University President shall not incur or authorize expenditures or obligations in excess of allotments released by the DBM Secretary.,,The revision changes the sentence order but preserves the same spending limitation and accountability requirement without altering the policy meaning.,Appropriate,0,"[0.0, 0.0, 0.0, 0.0, 0.0, 0.0, 0.0, 0.0, 0.0, 0.0, 0.0, 0.0]","[CHANGE TYPE]
reordered

[ORIGINAL TEXT]
3.5 The University President shall not incur or authorize expenditures or obligations in excess of allotments released by the DBM Secretary. Parties responsible for overdrafts shall be held personally liable.

[REVISED TEXT]
Parties responsible for overdrafts shall be held personally liable. The University President shall not incur or authorize expenditures or obligations in excess of allotments released by the DBM Secretary."
removed,"The University President oversees system operation. The PRAISE Committee establishes internal rewards and recognition procedures and strategies. The Search Committee or Director HRM searches, screens, and collects a list of deserving employees from each office. The Performance Management Team identifies potential PRAISE nominees from the collected list. The PRAISE Committee determines top performers who qualify for awards and incentives. The University President rewards deserving employees.",The President shall select and reward employees.,missing_responsibility|missing_record_or_evidence|missing_traceability|insufficient_detail,"The revision removes PRAISE Committee procedures, office-level nomination collection, Search Committee or Director HRM screening, PMT identification of nominees, and the documented basis for determining qualified awardees.",Needs Revision,1,"[0.0, 1.0, 1.0, 0.0, 1.0, 1.0, 0.0, 0.0, 0.0, 0.0, 0.0, 0.0]","[CHANGE TYPE]
removed

[ORIGINAL TEXT]
The University President oversees system operation. The PRAISE Committee establishes internal rewards and recognition procedures and strategies. The Search Committee or Director HRM searches, screens, and collects a list of deserving employees from each office. The Performance Management Team identifies potential PRAISE nominees from the collected list. The PRAISE Committee determines top performers who qualify for awards and incentives. The University President rewards deserving employees.

[REVISED TEXT]
The President shall select and reward employees."
modified,"Records containing personal information shall be handled under the Data Privacy Act. The LNU SPMS follows applicable CSC guidelines. The system follows performance-based security of tenure, provides motivation and incentives for performers, and applies sanctions to non-performers.","SPMS records and ratings may be shared with any office, and employees may decide their own performance outcomes.",possible_contradiction|missing_approval_step|missing_traceability|insufficient_detail,"The revision removes privacy protection, CSC-guideline compliance, objective performance assessment, and the defined basis for performance-related tenure, incentives, or sanctions.",Needs Revision,1,"[0.0, 1.0, 0.0, 1.0, 1.0, 0.0, 0.0, 0.0, 0.0, 0.0, 1.0, 0.0]","[CHANGE TYPE]
modified

[ORIGINAL TEXT]
Records containing personal information shall be handled under the Data Privacy Act. The LNU SPMS follows applicable CSC guidelines. The system follows performance-based security of tenure, provides motivation and incentives for performers, and applies sanctions to non-performers.

[REVISED TEXT]
SPMS records and ratings may be shared with any office, and employees may decide their own performance outcomes."
modified,"Accounting Staff-4 receives the list of scholars or grantees from the Scholarship Coordinator, checks document completeness, prepares payroll, and forwards payroll and supporting documents to the DV Preparer. Accounting Staff-3 prepares the Disbursement Voucher. The VPAF certifies legality, the Accountant certifies cash availability and completeness, the University President approves payment, and the Cash Management Office processes payment. For scholars with DBP ATM Savings Accounts, funds are deposited through a Proof List; for those without ATM accounts, release is over-the-counter and the student signs the payroll.","1. Accounting Staff-4 shall receive the list of scholars or grantees from the Scholarship Coordinator, verify document completeness, prepare the payroll, and forward the payroll with supporting documents to the DV Preparer. 2. Accounting Staff-3 shall prepare the Disbursement Voucher. 3. The VPAF, Accountant, and University President shall complete the required legality, cash-availability, completeness, and approval actions. 4. For eligible scholars with DBP ATM Savings Accounts, payment shall be deposited through the approved Proof List. 5. For scholars without ATM accounts, the Cash Management Office shall release payment over-the-counter and obtain the student's payroll signature as proof of receipt.",,"The revision preserves the scholar-list validation, payroll, DV, approval, direct-deposit or over-the-counter options, and proof-of-receipt controls.",Appropriate,0,"[0.0, 0.0, 0.0, 0.0, 0.0, 0.0, 0.0, 0.0, 0.0, 0.0, 0.0, 0.0]","[CHANGE TYPE]
modified

[ORIGINAL TEXT]
Accounting Staff-4 receives the list of scholars or grantees from the Scholarship Coordinator, checks document completeness, prepares payroll, and forwards payroll and supporting documents to the DV Preparer. Accounting Staff-3 prepares the Disbursement Voucher. The VPAF certifies legality, the Accountant certifies cash availability and completeness, the University President approves payment, and the Cash Management Office processes payment. For scholars with DBP ATM Savings Accounts, funds are deposited through a Proof List; for those without ATM accounts, release is over-the-counter and the student signs the payroll.

[REVISED TEXT]
1. Accounting Staff-4 shall receive the list of scholars or grantees from the Scholarship Coordinator, verify document completeness, prepare the payroll, and forward the payroll with supporting documents to the DV Preparer. 2. Accounting Staff-3 shall prepare the Disbursement Voucher. 3. The VPAF, Accountant, and University President shall complete the required legality, cash-availability, completeness, and approval actions. 4. For eligible scholars with DBP ATM Savings Accounts, payment shall be deposited through the approved Proof List. 5. For scholars without ATM accounts, the Cash Management Office shall release payment over-the-counter and obtain the student's payroll signature as proof of receipt."
modified,"The University President oversees system operation. The PRAISE Committee establishes internal rewards and recognition procedures and strategies. The Search Committee or Director HRM searches, screens, and collects a list of deserving employees from each office. The Performance Management Team identifies potential PRAISE nominees from the collected list. The PRAISE Committee determines top performers who qualify for awards and incentives. The University President rewards deserving employees.","1. The University President shall oversee the rewards and recognition system. 2. The PRAISE Committee shall establish internal procedures and strategies for awards and recognition. 3. The Search Committee or Director HRM shall collect, screen, and document nominations from offices for employees who meet the approved criteria. 4. The Performance Management Team shall identify potential PRAISE nominees from the validated nomination list. 5. The PRAISE Committee shall evaluate nominees and determine qualified top performers for awards and incentives. 6. The University President shall approve or confer the appropriate awards and incentives to deserving employees.",,"The revision retains the President, PRAISE Committee, Search Committee or Director HRM, and PMT responsibilities while clarifying nomination validation and award determination.",Appropriate,0,"[0.0, 0.0, 0.0, 0.0, 0.0, 0.0, 0.0, 0.0, 0.0, 0.0, 0.0, 0.0]","[CHANGE TYPE]
modified

[ORIGINAL TEXT]
The University President oversees system operation. The PRAISE Committee establishes internal rewards and recognition procedures and strategies. The Search Committee or Director HRM searches, screens, and collects a list of deserving employees from each office. The Performance Management Team identifies potential PRAISE nominees from the collected list. The PRAISE Committee determines top performers who qualify for awards and incentives. The University President rewards deserving employees.

[REVISED TEXT]
1. The University President shall oversee the rewards and recognition system. 2. The PRAISE Committee shall establish internal procedures and strategies for awards and recognition. 3. The Search Committee or Director HRM shall collect, screen, and document nominations from offices for employees who meet the approved criteria. 4. The Performance Management Team shall identify potential PRAISE nominees from the validated nomination list. 5. The PRAISE Committee shall evaluate nominees and determine qualified top performers for awards and incentives. 6. The University President shall approve or confer the appropriate awards and incentives to deserving employees."
modified,"1.1 To provide guidelines and procedures in monitoring, accounting and reporting of the budget. 1.2 To ensure that proper and adequate monitoring strategies are in place.","1.1 To provide clear guidelines and procedures for monitoring, accounting for, and reporting the University's budget. 1.2 To ensure that adequate monitoring and control strategies are established to support accurate budget reporting and responsible use of funds.",,The revision preserves the original objectives and improves clarity by linking monitoring strategies to budget reporting and responsible financial control.,Appropriate,0,"[0.0, 0.0, 0.0, 0.0, 0.0, 0.0, 0.0, 0.0, 0.0, 0.0, 0.0, 0.0]","[CHANGE TYPE]
modified

[ORIGINAL TEXT]
1.1 To provide guidelines and procedures in monitoring, accounting and reporting of the budget. 1.2 To ensure that proper and adequate monitoring strategies are in place.

[REVISED TEXT]
1.1 To provide clear guidelines and procedures for monitoring, accounting for, and reporting the University's budget. 1.2 To ensure that adequate monitoring and control strategies are established to support accurate budget reporting and responsible use of funds."
modified,This procedure shall apply to all employees in the career and non-career service of the Agency.,"This procedure applies to career and non-career employees of the University who may be nominated, evaluated, recognized, or granted incentives under the rewards and recognition program.",,The revision retains the career and non-career employee coverage and clarifies the rewards and recognition activities covered by the procedure.,Appropriate,0,"[0.0, 0.0, 0.0, 0.0, 0.0, 0.0, 0.0, 0.0, 0.0, 0.0, 0.0, 0.0]","[CHANGE TYPE]
modified

[ORIGINAL TEXT]
This procedure shall apply to all employees in the career and non-career service of the Agency.

[REVISED TEXT]
This procedure applies to career and non-career employees of the University who may be nominated, evaluated, recognized, or granted incentives under the rewards and recognition program."
modified,"The LNU Strategic Performance Management System aims to develop a performance-oriented culture among faculty and staff; align individual outputs with University MFOs, outcomes, and national priorities; cascade institutional accountabilities; link SPMS with HR systems for performance-based tenure, incentives, and rewards; improve performance efficiency and productivity; record attendance; and provide payroll data.","The LNU Strategic Performance Management System aims to build a performance-oriented culture by aligning institutional, office, and individual outputs with University strategic priorities and Major Final Outputs. It supports performance-based HR decisions, continuous improvement, attendance monitoring, and the availability of verified data for payroll processing.",,"The revision preserves the main SPMS purposes while organizing the objectives into a clear relationship between alignment, HR decisions, improvement, attendance, and payroll data.",Appropriate,0,"[0.0, 0.0, 0.0, 0.0, 0.0, 0.0, 0.0, 0.0, 0.0, 0.0, 0.0, 0.0]","[CHANGE TYPE]
modified

[ORIGINAL TEXT]
The LNU Strategic Performance Management System aims to develop a performance-oriented culture among faculty and staff; align individual outputs with University MFOs, outcomes, and national priorities; cascade institutional accountabilities; link SPMS with HR systems for performance-based tenure, incentives, and rewards; improve performance efficiency and productivity; record attendance; and provide payroll data.

[REVISED TEXT]
The LNU Strategic Performance Management System aims to build a performance-oriented culture by aligning institutional, office, and individual outputs with University strategic priorities and Major Final Outputs. It supports performance-based HR decisions, continuous improvement, attendance monitoring, and the availability of verified data for payroll processing."
added,1.1 To provide guidelines on the income generating projects of LNU. 1.2 To ensure that these guidelines and policies are followed and maintained.,1.1 To provide guidelines on the income generating projects of LNU. 1.2 To ensure that these guidelines and policies are followed and maintained. 1.3 To strengthen accountability and transparency in the management of income-generating projects.,,The added objective is relevant to the management of income-generating projects and states a clear intended outcome.,Appropriate,0,"[0.0, 0.0, 0.0, 0.0, 0.0, 0.0, 0.0, 0.0, 0.0, 0.0, 0.0, 0.0]","[CHANGE TYPE]
added

[ORIGINAL TEXT]
1.1 To provide guidelines on the income generating projects of LNU. 1.2 To ensure that these guidelines and policies are followed and maintained.

[REVISED TEXT]
1.1 To provide guidelines on the income generating projects of LNU. 1.2 To ensure that these guidelines and policies are followed and maintained. 1.3 To strengthen accountability and transparency in the management of income-generating projects."
modified,5.1 Enrollment and Assessment Form. 5.2 Application for Student Records. 5.3 Clearance. 5.4 Promissory Note.,"The following controlled forms shall be used, as applicable, in accounts-receivable transactions: 5.1 Enrollment and Assessment Form; 5.2 Application for Student Records; 5.3 Clearance; and 5.4 Promissory Note. Responsible personnel shall use the current approved version of the applicable form and retain completed forms according to the records-control procedure.",,The revision retains the complete forms list and adds appropriate controls for using current approved forms and retaining completed records.,Appropriate,0,"[0.0, 0.0, 0.0, 0.0, 0.0, 0.0, 0.0, 0.0, 0.0, 0.0, 0.0, 0.0]","[CHANGE TYPE]
modified

[ORIGINAL TEXT]
5.1 Enrollment and Assessment Form. 5.2 Application for Student Records. 5.3 Clearance. 5.4 Promissory Note.

[REVISED TEXT]
The following controlled forms shall be used, as applicable, in accounts-receivable transactions: 5.1 Enrollment and Assessment Form; 5.2 Application for Student Records; 5.3 Clearance; and 5.4 Promissory Note. Responsible personnel shall use the current approved version of the applicable form and retain completed forms according to the records-control procedure."
modified,"The University President oversees system operation. The PRAISE Committee establishes internal rewards and recognition procedures and strategies. The Search Committee or Director HRM searches, screens, and collects a list of deserving employees from each office. The Performance Management Team identifies potential PRAISE nominees from the collected list. The PRAISE Committee determines top performers who qualify for awards and incentives. The University President rewards deserving employees.",Employees may nominate themselves and receive awards after submitting a request.,missing_responsibility|missing_approval_step|missing_record_or_evidence|insufficient_detail,"The revision removes the established system oversight, committee procedures, screening, PMT nomination process, PRAISE Committee determination, and President's award role.",Needs Revision,1,"[0.0, 1.0, 1.0, 1.0, 0.0, 1.0, 0.0, 0.0, 0.0, 0.0, 0.0, 0.0]","[CHANGE TYPE]
modified

[ORIGINAL TEXT]
The University President oversees system operation. The PRAISE Committee establishes internal rewards and recognition procedures and strategies. The Search Committee or Director HRM searches, screens, and collects a list of deserving employees from each office. The Performance Management Team identifies potential PRAISE nominees from the collected list. The PRAISE Committee determines top performers who qualify for awards and incentives. The University President rewards deserving employees.

[REVISED TEXT]
Employees may nominate themselves and receive awards after submitting a request."
modified,VPs and Program Heads conduct planning sessions. The Planning Officer reviews OPCR and schedules PMT deliberation. PMT reviews OPCR alignment with the strategic plan and MFOs and recommends approval. The University President approves OPCR. College Deans or Directors assign tasks. Employees prepare IPCRs. College Deans or Office Chiefs sign and forward IPCRs. The Planning Officer consolidates IPCRs and forwards them to the President for approval. The President signs IPCRs and the Director HRM receives approved IPCRs.,"1. VPs and Program Heads shall conduct planning sessions with their units. 2. The Planning Officer shall review OPCRs and schedule PMT deliberation. 3. The PMT shall verify OPCR alignment with the University strategic plan and Major Final Outputs and recommend approval. 4. The University President shall review and approve the OPCR. 5. College Deans or Directors shall assign tasks needed to attain approved OPCR targets. 6. Employees shall agree to assigned tasks and prepare IPCRs. 7. College Deans or Office Chiefs shall review, sign, and forward IPCRs to the Planning Officer. 8. The Planning Officer shall consolidate IPCRs and forward them to the University President for approval and signature. 9. The Director HRM shall receive and maintain approved IPCRs.",,"The revision retains the planning, OPCR alignment, approval, task assignment, IPCR preparation, review, consolidation, and retention sequence while clarifying each role.",Appropriate,0,"[0.0, 0.0, 0.0, 0.0, 0.0, 0.0, 0.0, 0.0, 0.0, 0.0, 0.0, 0.0]","[CHANGE TYPE]
modified

[ORIGINAL TEXT]
VPs and Program Heads conduct planning sessions. The Planning Officer reviews OPCR and schedules PMT deliberation. PMT reviews OPCR alignment with the strategic plan and MFOs and recommends approval. The University President approves OPCR. College Deans or Directors assign tasks. Employees prepare IPCRs. College Deans or Office Chiefs sign and forward IPCRs. The Planning Officer consolidates IPCRs and forwards them to the President for approval. The President signs IPCRs and the Director HRM receives approved IPCRs.

[REVISED TEXT]
1. VPs and Program Heads shall conduct planning sessions with their units. 2. The Planning Officer shall review OPCRs and schedule PMT deliberation. 3. The PMT shall verify OPCR alignment with the University strategic plan and Major Final Outputs and recommend approval. 4. The University President shall review and approve the OPCR. 5. College Deans or Directors shall assign tasks needed to attain approved OPCR targets. 6. Employees shall agree to assigned tasks and prepare IPCRs. 7. College Deans or Office Chiefs shall review, sign, and forward IPCRs to the Planning Officer. 8. The Planning Officer shall consolidate IPCRs and forward them to the University President for approval and signature. 9. The Director HRM shall receive and maintain approved IPCRs."
modified,"The Preliminary Hearing Committee assesses complaints involving serious or very serious matters to determine whether they warrant formal investigation. The PHC consists of the VPSD, SSC Adviser, Guidance Counselor, and SSC President.","The Preliminary Hearing Committee shall assess documented reports involving serious or very serious matters to determine whether formal investigation is warranted. The PHC shall consist of the VPSD, SSC Adviser, Guidance Counselor, and SSC President, and its assessment shall be recorded with the case file.",,The revision retains the PHC function and composition while adding appropriate documentation of the preliminary assessment.,Appropriate,0,"[0.0, 0.0, 0.0, 0.0, 0.0, 0.0, 0.0, 0.0, 0.0, 0.0, 0.0, 0.0]","[CHANGE TYPE]
modified

[ORIGINAL TEXT]
The Preliminary Hearing Committee assesses complaints involving serious or very serious matters to determine whether they warrant formal investigation. The PHC consists of the VPSD, SSC Adviser, Guidance Counselor, and SSC President.

[REVISED TEXT]
The Preliminary Hearing Committee shall assess documented reports involving serious or very serious matters to determine whether formal investigation is warranted. The PHC shall consist of the VPSD, SSC Adviser, Guidance Counselor, and SSC President, and its assessment shall be recorded with the case file."
modified,"These procedures apply to standards, policies and guidelines on the operations of the Income Generating Office of Leyte Normal University.","These procedures apply to the planning, approval, implementation, procurement planning, delivery of purchases, sales, financial reporting, and disbursement activities of the Income Generating Office of Leyte Normal University.",,The revision remains within the Income Generating Office context and makes the operational coverage of the manual more explicit.,Appropriate,0,"[0.0, 0.0, 0.0, 0.0, 0.0, 0.0, 0.0, 0.0, 0.0, 0.0, 0.0, 0.0]","[CHANGE TYPE]
modified

[ORIGINAL TEXT]
These procedures apply to standards, policies and guidelines on the operations of the Income Generating Office of Leyte Normal University.

[REVISED TEXT]
These procedures apply to the planning, approval, implementation, procurement planning, delivery of purchases, sales, financial reporting, and disbursement activities of the Income Generating Office of Leyte Normal University."
modified,"The Academic Council deliberates the proposed new or revised curriculum for endorsement to the LNU Board of Regents. The LNU Board of Regents approves the proposed new or revised curriculum. The Curriculum Officer submits the approved curriculum to CHED, disseminates it after CHED approval, and the UCC Chair endorses implementation of the LNU-BOR approved and CHED compliant curriculum.","1. The Academic Council shall deliberate the proposed curriculum and endorse the documented recommendation to the LNU Board of Regents. 2. The LNU Board of Regents shall approve or disapprove the proposed curriculum. 3. The Curriculum Officer shall submit the approved curriculum to CHED for the applicable documentation and retain the submission record. 4. After CHED approval or required confirmation, the Curriculum Officer shall disseminate the curriculum to the VPAS, Deans, Program Chair, and Registrar. 5. The UCC Chair shall endorse implementation only after LNU-BOR approval and required CHED compliance are confirmed.",,"The revision retains Academic Council review, BOR decision, CHED documentation, dissemination, and implementation endorsement while clarifying approval prerequisites and records.",Appropriate,0,"[0.0, 0.0, 0.0, 0.0, 0.0, 0.0, 0.0, 0.0, 0.0, 0.0, 0.0, 0.0]","[CHANGE TYPE]
modified

[ORIGINAL TEXT]
The Academic Council deliberates the proposed new or revised curriculum for endorsement to the LNU Board of Regents. The LNU Board of Regents approves the proposed new or revised curriculum. The Curriculum Officer submits the approved curriculum to CHED, disseminates it after CHED approval, and the UCC Chair endorses implementation of the LNU-BOR approved and CHED compliant curriculum.

[REVISED TEXT]
1. The Academic Council shall deliberate the proposed curriculum and endorse the documented recommendation to the LNU Board of Regents. 2. The LNU Board of Regents shall approve or disapprove the proposed curriculum. 3. The Curriculum Officer shall submit the approved curriculum to CHED for the applicable documentation and retain the submission record. 4. After CHED approval or required confirmation, the Curriculum Officer shall disseminate the curriculum to the VPAS, Deans, Program Chair, and Registrar. 5. The UCC Chair shall endorse implementation only after LNU-BOR approval and required CHED compliance are confirmed."
modified,"The Budget Officer receives the approved budget from the concerned entity official, records it in the Registry of Budget, Utilization and Disbursements, records the approved budget in the Budgeted Amount column, and forwards budget documents to the Accounting Office. Accounting Staff-3 receives the budget documents and forwards Supporting Documents for payment claims to the Budget Office. The Budget Officer verifies budget availability in the RBUD, assigns a BURS number when budget is available, records the utilized amount in the Utilization column, reviews and certifies the BURS, and forwards copies to Accounting Staff-3 for claim processing.","1. The Budget Officer shall receive the approved budget and record it in the appropriate Registry of Budget, Utilization and Disbursements. 2. The Budget Officer shall enter the approved budget in the Budgeted Amount column and forward the budget documents to the Accounting Office for reference. 3. Accounting Staff-3 shall receive the budget documents and submit complete Supporting Documents for payment claims to the Budget Office. 4. The Budget Officer shall verify budget availability against the appropriate registry. 5. When budget is available, the Budget Officer shall assign a BURS control number, record the utilized amount in the Utilization column, review and sign the required certification, and forward the required copies to Accounting Staff-3 for claim processing.",,"The revision maintains the approved-budget recording, document handoff, availability verification, BURS numbering, utilization recording, certification, and claim-processing sequence.",Appropriate,0,"[0.0, 0.0, 0.0, 0.0, 0.0, 0.0, 0.0, 0.0, 0.0, 0.0, 0.0, 0.0]","[CHANGE TYPE]
modified

[ORIGINAL TEXT]
The Budget Officer receives the approved budget from the concerned entity official, records it in the Registry of Budget, Utilization and Disbursements, records the approved budget in the Budgeted Amount column, and forwards budget documents to the Accounting Office. Accounting Staff-3 receives the budget documents and forwards Supporting Documents for payment claims to the Budget Office. The Budget Officer verifies budget availability in the RBUD, assigns a BURS number when budget is available, records the utilized amount in the Utilization column, reviews and certifies the BURS, and forwards copies to Accounting Staff-3 for claim processing.

[REVISED TEXT]
1. The Budget Officer shall receive the approved budget and record it in the appropriate Registry of Budget, Utilization and Disbursements. 2. The Budget Officer shall enter the approved budget in the Budgeted Amount column and forward the budget documents to the Accounting Office for reference. 3. Accounting Staff-3 shall receive the budget documents and submit complete Supporting Documents for payment claims to the Budget Office. 4. The Budget Officer shall verify budget availability against the appropriate registry. 5. When budget is available, the Budget Officer shall assign a BURS control number, record the utilized amount in the Utilization column, review and sign the required certification, and forward the required copies to Accounting Staff-3 for claim processing."
modified,Delivery Lead Time has a maximum of 25 points and applies only to Regular External Providers. A score of 0-9 applies to the longest delivery lead time; 10-19 applies to a relatively shorter lead time; and 20-25 applies to the shortest delivery lead time among external providers.,"For Regular External Providers, Delivery Lead Time shall be scored up to 25 points based on documented comparative delivery performance: 0-9 points for the longest lead time, 10-19 points for a relatively shorter lead time, and 20-25 points for the shortest lead time among comparable external providers.",,"The revision retains the Regular Provider limitation, point maximum, and three lead-time score bands while clarifying that supporting delivery performance is documented.",Appropriate,0,"[0.0, 0.0, 0.0, 0.0, 0.0, 0.0, 0.0, 0.0, 0.0, 0.0, 0.0, 0.0]","[CHANGE TYPE]
modified

[ORIGINAL TEXT]
Delivery Lead Time has a maximum of 25 points and applies only to Regular External Providers. A score of 0-9 applies to the longest delivery lead time; 10-19 applies to a relatively shorter lead time; and 20-25 applies to the shortest delivery lead time among external providers.

[REVISED TEXT]
For Regular External Providers, Delivery Lead Time shall be scored up to 25 points based on documented comparative delivery performance: 0-9 points for the longest lead time, 10-19 points for a relatively shorter lead time, and 20-25 points for the shortest lead time among comparable external providers."
modified,This procedure applies to evaluation of external providers that provide products or services to the Agency in accordance with RA 9184 Government Procurement Reform Act and its IRR.,"This procedure applies to the evaluation of external providers that supply products or services to the Agency, including the assessment, review, documentation, and reporting of their performance in accordance with applicable procurement requirements.",,The revision retains the external-provider and procurement context while clarifying the performance-evaluation activities covered by the procedure.,Appropriate,0,"[0.0, 0.0, 0.0, 0.0, 0.0, 0.0, 0.0, 0.0, 0.0, 0.0, 0.0, 0.0]","[CHANGE TYPE]
modified

[ORIGINAL TEXT]
This procedure applies to evaluation of external providers that provide products or services to the Agency in accordance with RA 9184 Government Procurement Reform Act and its IRR.

[REVISED TEXT]
This procedure applies to the evaluation of external providers that supply products or services to the Agency, including the assessment, review, documentation, and reporting of their performance in accordance with applicable procurement requirements."
modified,"Only the student can claim labor, allowance, stipend, subsidies, or refund. If the student cannot claim personally, an authorized person may claim on the student's behalf with a signed Authorization Letter, photocopies of valid IDs of the student and authorized person, and presentation of the original IDs for authenticity checking by the Special Disbursing Officer.","Only the student or a duly authorized representative may claim labor, allowances, stipends, subsidies, or refunds. A representative shall present a student-signed Authorization Letter, copies of valid identification documents for both persons, and the original IDs for verification by the Special Disbursing Officer before release.",,"The revision preserves the authorization, documentary, and identity-verification safeguards while organizing the claim conditions more clearly.",Appropriate,0,"[0.0, 0.0, 0.0, 0.0, 0.0, 0.0, 0.0, 0.0, 0.0, 0.0, 0.0, 0.0]","[CHANGE TYPE]
modified

[ORIGINAL TEXT]
Only the student can claim labor, allowance, stipend, subsidies, or refund. If the student cannot claim personally, an authorized person may claim on the student's behalf with a signed Authorization Letter, photocopies of valid IDs of the student and authorized person, and presentation of the original IDs for authenticity checking by the Special Disbursing Officer.

[REVISED TEXT]
Only the student or a duly authorized representative may claim labor, allowances, stipends, subsidies, or refunds. A representative shall present a student-signed Authorization Letter, copies of valid identification documents for both persons, and the original IDs for verification by the Special Disbursing Officer before release."
removed,"The LNU Strategic Performance Management System aims to develop a performance-oriented culture among faculty and staff; align individual outputs with University MFOs, outcomes, and national priorities; cascade institutional accountabilities; link SPMS with HR systems for performance-based tenure, incentives, and rewards; improve performance efficiency and productivity; record attendance; and provide payroll data.",The SPMS shall evaluate employees.,ambiguous_language|insufficient_detail|unclear_scope,"The revision removes the objectives concerning strategic alignment, institutional accountability, HR-system linkage, performance improvement, attendance monitoring, and payroll data.",Needs Revision,1,"[1.0, 1.0, 0.0, 0.0, 0.0, 0.0, 0.0, 1.0, 0.0, 0.0, 0.0, 0.0]","[CHANGE TYPE]
removed

[ORIGINAL TEXT]
The LNU Strategic Performance Management System aims to develop a performance-oriented culture among faculty and staff; align individual outputs with University MFOs, outcomes, and national priorities; cascade institutional accountabilities; link SPMS with HR systems for performance-based tenure, incentives, and rewards; improve performance efficiency and productivity; record attendance; and provide payroll data.

[REVISED TEXT]
The SPMS shall evaluate employees."
removed,"The Purchaser or End-User evaluates accredited external providers by accomplishing the External Provider Performance Evaluation Form and forwards results to the Supply and Property Officer for review and approval. The Supply and Property Officer reviews and approves the form and forwards it to the Purchaser. The Purchaser or Supply and Property Officer summarizes the evaluation results, prepares the External Providers Performance Report, and updates the List of Accredited External Providers if needed.",The Supply and Property Officer shall evaluate providers and update the list.,missing_responsibility|missing_record_or_evidence|missing_traceability|insufficient_detail,"The revision removes the Purchaser or End-User role, the External Provider Performance Evaluation Form, review and approval separation, evaluation report, and conditions for updating the accredited-provider list.",Needs Revision,1,"[0.0, 1.0, 1.0, 0.0, 1.0, 1.0, 0.0, 0.0, 0.0, 0.0, 0.0, 0.0]","[CHANGE TYPE]
removed

[ORIGINAL TEXT]
The Purchaser or End-User evaluates accredited external providers by accomplishing the External Provider Performance Evaluation Form and forwards results to the Supply and Property Officer for review and approval. The Supply and Property Officer reviews and approves the form and forwards it to the Purchaser. The Purchaser or Supply and Property Officer summarizes the evaluation results, prepares the External Providers Performance Report, and updates the List of Accredited External Providers if needed.

[REVISED TEXT]
The Supply and Property Officer shall evaluate providers and update the list."
modified,"Faculty or Staff with approved scholarship accomplishes the Scholar Personal Information Form and submits a Program of Study and re-entry plan. The FSDP Committee issues a Notice of Scholarship Award. The Board and University Secretary prepares the scholarship contract. The Scholar submits a Scholarship Status Report every semester or term and, at the end of the scholarship contract, submits the Transcript of Record, Diploma, Revised Re-entry Plan, hard-bound thesis or dissertation, and Scholarship Status Report.","1. A Faculty or Staff member with approved scholarship shall complete the Scholar Personal Information Form and submit the Program of Study and re-entry plan within the approved scholarship period. 2. The FSDP Committee shall issue the Notice of Scholarship Award. 3. The Board and University Secretary shall prepare the scholarship contract. 4. The Scholar shall submit a Scholarship Status Report at the end of each semester or term. 5. At the end of the scholarship contract, the Scholar shall submit the required Transcript of Record, Diploma, Revised Re-entry Plan, thesis or dissertation copy when applicable, and final Scholarship Status Report.",,"The revision retains the approved-scholar documentation, award notice, contract, periodic status report, and end-of-scholarship documentary requirements.",Appropriate,0,"[0.0, 0.0, 0.0, 0.0, 0.0, 0.0, 0.0, 0.0, 0.0, 0.0, 0.0, 0.0]","[CHANGE TYPE]
modified

[ORIGINAL TEXT]
Faculty or Staff with approved scholarship accomplishes the Scholar Personal Information Form and submits a Program of Study and re-entry plan. The FSDP Committee issues a Notice of Scholarship Award. The Board and University Secretary prepares the scholarship contract. The Scholar submits a Scholarship Status Report every semester or term and, at the end of the scholarship contract, submits the Transcript of Record, Diploma, Revised Re-entry Plan, hard-bound thesis or dissertation, and Scholarship Status Report.

[REVISED TEXT]
1. A Faculty or Staff member with approved scholarship shall complete the Scholar Personal Information Form and submit the Program of Study and re-entry plan within the approved scholarship period. 2. The FSDP Committee shall issue the Notice of Scholarship Award. 3. The Board and University Secretary shall prepare the scholarship contract. 4. The Scholar shall submit a Scholarship Status Report at the end of each semester or term. 5. At the end of the scholarship contract, the Scholar shall submit the required Transcript of Record, Diploma, Revised Re-entry Plan, thesis or dissertation copy when applicable, and final Scholarship Status Report."
removed,5.1 Obligation Request and Status. 5.2 Budget Utilization Request and Status. 5.3 Disbursement Voucher. 5.4 Purchase Order.,Use the required forms for budget transactions.,ambiguous_language|missing_record_or_evidence|missing_traceability|insufficient_detail,"The revision removes the names of the required forms and does not identify which document is used for obligations, budget utilization, disbursement, or purchase orders.",Needs Revision,1,"[1.0, 1.0, 0.0, 0.0, 1.0, 1.0, 0.0, 0.0, 0.0, 0.0, 0.0, 0.0]","[CHANGE TYPE]
removed

[ORIGINAL TEXT]
5.1 Obligation Request and Status. 5.2 Budget Utilization Request and Status. 5.3 Disbursement Voucher. 5.4 Purchase Order.

[REVISED TEXT]
Use the required forms for budget transactions."
modified,"The Program Chair secures authority from the UCC Chair or VPAS to develop or revise a curriculum and writes a request. The UCC conducts orientation. The Program Curriculum Committee crafts the proposed curriculum, the CCC deliberates it for endorsement to the UCC, and the UCC deliberates it for stakeholder consultation and submission to the Academic Council.","1. The Program Chair shall secure authority from the UCC Chair or VPAS to develop or revise a curriculum and submit the Request to Develop or Revise a Curriculum. 2. The UCC shall conduct orientation on the approved development or revision process. 3. The Program Curriculum Committee shall craft the proposed curriculum. 4. The CCC shall deliberate the proposal and endorse it to the UCC when appropriate. 5. The UCC shall deliberate the proposal, ensure stakeholder consultation, and submit the documented proposal to the Academic Council.",,"The revision preserves authorization, request documentation, orientation, drafting, CCC deliberation, UCC review, stakeholder consultation, and Academic Council submission.",Appropriate,0,"[0.0, 0.0, 0.0, 0.0, 0.0, 0.0, 0.0, 0.0, 0.0, 0.0, 0.0, 0.0]","[CHANGE TYPE]
modified

[ORIGINAL TEXT]
The Program Chair secures authority from the UCC Chair or VPAS to develop or revise a curriculum and writes a request. The UCC conducts orientation. The Program Curriculum Committee crafts the proposed curriculum, the CCC deliberates it for endorsement to the UCC, and the UCC deliberates it for stakeholder consultation and submission to the Academic Council.

[REVISED TEXT]
1. The Program Chair shall secure authority from the UCC Chair or VPAS to develop or revise a curriculum and submit the Request to Develop or Revise a Curriculum. 2. The UCC shall conduct orientation on the approved development or revision process. 3. The Program Curriculum Committee shall craft the proposed curriculum. 4. The CCC shall deliberate the proposal and endorse it to the UCC when appropriate. 5. The UCC shall deliberate the proposal, ensure stakeholder consultation, and submit the documented proposal to the Academic Council."
added,"The LNU Strategic Performance Management System aims to develop a performance-oriented culture among faculty and staff; align individual outputs with University MFOs, outcomes, and national priorities; cascade institutional accountabilities; link SPMS with HR systems for performance-based tenure, incentives, and rewards; improve performance efficiency and productivity; record attendance; and provide payroll data.","The LNU Strategic Performance Management System aims to develop a performance-oriented culture among faculty and staff; align individual outputs with University MFOs, outcomes, and national priorities; cascade institutional accountabilities; link SPMS with HR systems for performance-based tenure, incentives, and rewards; improve performance efficiency and productivity; record attendance; and provide payroll data. 1.7 To maintain documented and traceable performance commitments, assessments, approvals, and development interventions.",,The added objective is relevant to SPMS implementation and supports accountability through traceable performance records.,Appropriate,0,"[0.0, 0.0, 0.0, 0.0, 0.0, 0.0, 0.0, 0.0, 0.0, 0.0, 0.0, 0.0]","[CHANGE TYPE]
added

[ORIGINAL TEXT]
The LNU Strategic Performance Management System aims to develop a performance-oriented culture among faculty and staff; align individual outputs with University MFOs, outcomes, and national priorities; cascade institutional accountabilities; link SPMS with HR systems for performance-based tenure, incentives, and rewards; improve performance efficiency and productivity; record attendance; and provide payroll data.

[REVISED TEXT]
The LNU Strategic Performance Management System aims to develop a performance-oriented culture among faculty and staff; align individual outputs with University MFOs, outcomes, and national priorities; cascade institutional accountabilities; link SPMS with HR systems for performance-based tenure, incentives, and rewards; improve performance efficiency and productivity; record attendance; and provide payroll data. 1.7 To maintain documented and traceable performance commitments, assessments, approvals, and development interventions."
modified,Any records which may contain personal information shall be handled in accordance with Republic Act 10173 or the Data Privacy Act of 2012.,Award nominees and their records may be shared with any interested person.,possible_contradiction|missing_approval_step|missing_traceability|insufficient_detail,"The revision removes data-privacy safeguards and does not define authorized access, lawful purpose, or controls for disclosing nominee information.",Needs Revision,1,"[0.0, 1.0, 0.0, 1.0, 1.0, 0.0, 0.0, 0.0, 0.0, 0.0, 1.0, 0.0]","[CHANGE TYPE]
modified

[ORIGINAL TEXT]
Any records which may contain personal information shall be handled in accordance with Republic Act 10173 or the Data Privacy Act of 2012.

[REVISED TEXT]
Award nominees and their records may be shared with any interested person."
modified,"3.7 The Stall Holder shall pay monthly rental through the University Cashier on or before the last day of every month. 3.8 The Stall Holder shall pay power consumption and the stated water charge within three working days after receipt of the bill. 3.9 If payment is overdue, the LNU-IGO will issue three notices at one-week intervals. Failure to settle the outstanding balance within seven days after the third notice may result in termination, repossession of the stall, and public bidding.","The Stall Holder shall pay monthly rental through the University Cashier on or before the last day of each month and shall settle billed electricity and water charges within three working days after receiving the billing statement. The Income Generating Office shall document overdue accounts and issue three written notices at one-week intervals. If the outstanding balance remains unpaid seven calendar days after the third notice, the LNU-IGO may initiate contract-termination and stall-recovery procedures subject to the applicable agreement.",,"The revision retains the responsible party, payment deadlines, escalation sequence, and possible consequence while improving clarity and making overdue-account documentation explicit.",Appropriate,0,"[0.0, 0.0, 0.0, 0.0, 0.0, 0.0, 0.0, 0.0, 0.0, 0.0, 0.0, 0.0]","[CHANGE TYPE]
modified

[ORIGINAL TEXT]
3.7 The Stall Holder shall pay monthly rental through the University Cashier on or before the last day of every month. 3.8 The Stall Holder shall pay power consumption and the stated water charge within three working days after receipt of the bill. 3.9 If payment is overdue, the LNU-IGO will issue three notices at one-week intervals. Failure to settle the outstanding balance within seven days after the third notice may result in termination, repossession of the stall, and public bidding.

[REVISED TEXT]
The Stall Holder shall pay monthly rental through the University Cashier on or before the last day of each month and shall settle billed electricity and water charges within three working days after receiving the billing statement. The Income Generating Office shall document overdue accounts and issue three written notices at one-week intervals. If the outstanding balance remains unpaid seven calendar days after the third notice, the LNU-IGO may initiate contract-termination and stall-recovery procedures subject to the applicable agreement."
removed,"Faculty or Staff completes the Application for Scholarship Form. The College Dean or VPAS recommends the application when the applicant meets conditions including item position, age requirement, Very Satisfactory performance, FSDP Plan schedule, and Certificate of Acceptance. The FSDP Committee recommends approval, disapproval, or deferment through an FSDP Resolution. The University President signs the resolution and endorses the application to the Board of Regents. The Board of Regents approves the application.",The University President approves scholarship applications.,missing_responsibility|missing_approval_step|missing_record_or_evidence|insufficient_detail,"The revision removes the applicant form, eligibility conditions, College Dean or VPAS recommendation, FSDP Committee resolution, and Board of Regents approval.",Needs Revision,1,"[0.0, 1.0, 1.0, 1.0, 0.0, 1.0, 0.0, 0.0, 0.0, 0.0, 0.0, 0.0]","[CHANGE TYPE]
removed

[ORIGINAL TEXT]
Faculty or Staff completes the Application for Scholarship Form. The College Dean or VPAS recommends the application when the applicant meets conditions including item position, age requirement, Very Satisfactory performance, FSDP Plan schedule, and Certificate of Acceptance. The FSDP Committee recommends approval, disapproval, or deferment through an FSDP Resolution. The University President signs the resolution and endorses the application to the Board of Regents. The Board of Regents approves the application.

[REVISED TEXT]
The University President approves scholarship applications."
removed,1.1 To provide guidelines on the income generating projects of LNU. 1.2 To ensure that these guidelines and policies are followed and maintained.,1.1 To earn income for the University.,insufficient_detail|unclear_scope,The revision removes the objective of ensuring that guidelines and policies are followed and narrows the purpose to income generation without describing the required management controls.,Needs Revision,1,"[0.0, 1.0, 0.0, 0.0, 0.0, 0.0, 0.0, 1.0, 0.0, 0.0, 0.0, 0.0]","[CHANGE TYPE]
removed

[ORIGINAL TEXT]
1.1 To provide guidelines on the income generating projects of LNU. 1.2 To ensure that these guidelines and policies are followed and maintained.

[REVISED TEXT]
1.1 To earn income for the University."
modified,This procedure applies to the performance management of LNU employees in the career and non-career service.,"This procedure applies to the planning, commitment, monitoring, coaching, review, rating, rewarding, development planning, attendance recording, and performance-related documentation of LNU employees in the career and non-career service.",,The revision retains the employee coverage and clarifies the performance-management activities governed by the procedure.,Appropriate,0,"[0.0, 0.0, 0.0, 0.0, 0.0, 0.0, 0.0, 0.0, 0.0, 0.0, 0.0, 0.0]","[CHANGE TYPE]
modified

[ORIGINAL TEXT]
This procedure applies to the performance management of LNU employees in the career and non-career service.

[REVISED TEXT]
This procedure applies to the planning, commitment, monitoring, coaching, review, rating, rewarding, development planning, attendance recording, and performance-related documentation of LNU employees in the career and non-career service."
modified,"The Purchaser or End-User evaluates accredited external providers by accomplishing the External Provider Performance Evaluation Form and forwards results to the Supply and Property Officer for review and approval. The Supply and Property Officer reviews and approves the form and forwards it to the Purchaser. The Purchaser or Supply and Property Officer summarizes the evaluation results, prepares the External Providers Performance Report, and updates the List of Accredited External Providers if needed.","1. The Purchaser or End-User shall evaluate each accredited external provider by completing the External Provider Performance Evaluation Form with supporting performance information. 2. The Purchaser or End-User shall forward the completed form to the Supply and Property Officer for review and approval. 3. The Supply and Property Officer shall review, approve, and return the completed evaluation to the Purchaser. 4. The Purchaser or Supply and Property Officer shall summarize the approved results, prepare the External Providers Performance Report, and update the List of Accredited External Providers when the evaluation result requires it.",,"The revision preserves the evaluation form, review and approval, report preparation, and accredited-list update while clarifying the handoffs and decision basis.",Appropriate,0,"[0.0, 0.0, 0.0, 0.0, 0.0, 0.0, 0.0, 0.0, 0.0, 0.0, 0.0, 0.0]","[CHANGE TYPE]
modified

[ORIGINAL TEXT]
The Purchaser or End-User evaluates accredited external providers by accomplishing the External Provider Performance Evaluation Form and forwards results to the Supply and Property Officer for review and approval. The Supply and Property Officer reviews and approves the form and forwards it to the Purchaser. The Purchaser or Supply and Property Officer summarizes the evaluation results, prepares the External Providers Performance Report, and updates the List of Accredited External Providers if needed.

[REVISED TEXT]
1. The Purchaser or End-User shall evaluate each accredited external provider by completing the External Provider Performance Evaluation Form with supporting performance information. 2. The Purchaser or End-User shall forward the completed form to the Supply and Property Officer for review and approval. 3. The Supply and Property Officer shall review, approve, and return the completed evaluation to the Purchaser. 4. The Purchaser or Supply and Property Officer shall summarize the approved results, prepare the External Providers Performance Report, and update the List of Accredited External Providers when the evaluation result requires it."
modified,"Selected applicants shall meet the minimum requirements of the position, and selection shall adhere to merit, fitness, and equality. Employee selection shall be based on relative qualifications and competence to perform position duties and responsibilities. There shall be equal employment opportunity and no discrimination based on gender, civil status, disability, religion, ethnicity, or political affiliation.",The most preferred applicant shall be selected even if minimum requirements are not met.,possible_contradiction|missing_approval_step|missing_traceability|insufficient_detail,"The revision contradicts the minimum qualification, merit, fitness, competence, and equal-opportunity requirements of the selection policy.",Needs Revision,1,"[0.0, 1.0, 0.0, 1.0, 1.0, 0.0, 0.0, 0.0, 0.0, 0.0, 1.0, 0.0]","[CHANGE TYPE]
modified

[ORIGINAL TEXT]
Selected applicants shall meet the minimum requirements of the position, and selection shall adhere to merit, fitness, and equality. Employee selection shall be based on relative qualifications and competence to perform position duties and responsibilities. There shall be equal employment opportunity and no discrimination based on gender, civil status, disability, religion, ethnicity, or political affiliation.

[REVISED TEXT]
The most preferred applicant shall be selected even if minimum requirements are not met."
removed,5.1 Enrollment and Assessment Form. 5.2 Application for Student Records. 5.3 Clearance. 5.4 Promissory Note.,Use the necessary documents for receivables.,ambiguous_language|missing_record_or_evidence|missing_traceability|insufficient_detail,"The revision removes the names of the required forms and does not identify the records used to assess enrollment, student records, clearance, or employee promissory-note accountabilities.",Needs Revision,1,"[1.0, 1.0, 0.0, 0.0, 1.0, 1.0, 0.0, 0.0, 0.0, 0.0, 0.0, 0.0]","[CHANGE TYPE]
removed

[ORIGINAL TEXT]
5.1 Enrollment and Assessment Form. 5.2 Application for Student Records. 5.3 Clearance. 5.4 Promissory Note.

[REVISED TEXT]
Use the necessary documents for receivables."
reordered,"Faculty prepares supporting documents for QCE and submits them for preliminary evaluation. The College QCE Committee checks document order and compliance. The College Dean submits documents to the Institutional QCE Team or Committee. The Institutional QCE Team checks certified copies, relevance, evaluation period, and validity of documents; assigns credits; calculates total points; and certifies the evaluation. The University President endorses results to the Regional QCE Team, which reviews and approves results, conducts certification review, and endorses to the Zonal Computer Center. The Zonal Computer Center prepares print-outs and provides copies to the University.",1. The Zonal Computer Center shall prepare print-outs. 2. The Regional QCE Team shall approve the QCE results. 3. Faculty shall prepare supporting documents. 4. The Institutional QCE Team shall calculate points. 5. The College QCE Committee shall conduct preliminary evaluation.,illogical_sequence|missing_record_or_evidence|missing_responsibility,"The revision prepares print-outs and approves results before supporting documents are reviewed, validated, certified, and endorsed through the required QCE process.",Needs Revision,1,"[0.0, 0.0, 1.0, 0.0, 0.0, 1.0, 0.0, 0.0, 0.0, 1.0, 0.0, 0.0]","[CHANGE TYPE]
reordered

[ORIGINAL TEXT]
Faculty prepares supporting documents for QCE and submits them for preliminary evaluation. The College QCE Committee checks document order and compliance. The College Dean submits documents to the Institutional QCE Team or Committee. The Institutional QCE Team checks certified copies, relevance, evaluation period, and validity of documents; assigns credits; calculates total points; and certifies the evaluation. The University President endorses results to the Regional QCE Team, which reviews and approves results, conducts certification review, and endorses to the Zonal Computer Center. The Zonal Computer Center prepares print-outs and provides copies to the University.

[REVISED TEXT]
1. The Zonal Computer Center shall prepare print-outs. 2. The Regional QCE Team shall approve the QCE results. 3. Faculty shall prepare supporting documents. 4. The Institutional QCE Team shall calculate points. 5. The College QCE Committee shall conduct preliminary evaluation."
modified,5.1 External Provider Performance Evaluation Form.,5.1 External Provider Performance Evaluation Form. The Purchaser or End-User shall use the current approved version of the form for each accredited-provider evaluation and retain the completed form with the approved evaluation record.,,The revision preserves the required form and appropriately clarifies use of the current approved version and retention of the completed evaluation record.,Appropriate,0,"[0.0, 0.0, 0.0, 0.0, 0.0, 0.0, 0.0, 0.0, 0.0, 0.0, 0.0, 0.0]","[CHANGE TYPE]
modified

[ORIGINAL TEXT]
5.1 External Provider Performance Evaluation Form.

[REVISED TEXT]
5.1 External Provider Performance Evaluation Form. The Purchaser or End-User shall use the current approved version of the form for each accredited-provider evaluation and retain the completed form with the approved evaluation record."
added,5.1 Thesis or Dissertation Binding Job Order Form. 5.2 Identification Card Job Order Form. 5.3 Garments Payment Request Form. 5.4 Garments Job Order Form. 5.5 Printing Job Order Form.,5.1 Thesis or Dissertation Binding Job Order Form. 5.2 Identification Card Job Order Form. 5.3 Garments Payment Request Form. 5.4 Garments Job Order Form. 5.5 Printing Job Order Form. 5.6 The responsible staff shall use the current approved version of the applicable form and retain completed forms according to the records-control procedure.,,The added instruction is relevant to the listed forms and clarifies use of current approved versions and retention of completed records.,Appropriate,0,"[0.0, 0.0, 0.0, 0.0, 0.0, 0.0, 0.0, 0.0, 0.0, 0.0, 0.0, 0.0]","[CHANGE TYPE]
added

[ORIGINAL TEXT]
5.1 Thesis or Dissertation Binding Job Order Form. 5.2 Identification Card Job Order Form. 5.3 Garments Payment Request Form. 5.4 Garments Job Order Form. 5.5 Printing Job Order Form.

[REVISED TEXT]
5.1 Thesis or Dissertation Binding Job Order Form. 5.2 Identification Card Job Order Form. 5.3 Garments Payment Request Form. 5.4 Garments Job Order Form. 5.5 Printing Job Order Form. 5.6 The responsible staff shall use the current approved version of the applicable form and retain completed forms according to the records-control procedure."
modified,"Accounting Staff-4 receives the list of scholars or grantees from the Scholarship Coordinator, checks document completeness, prepares payroll, and forwards payroll and supporting documents to the DV Preparer. Accounting Staff-3 prepares the Disbursement Voucher. The VPAF certifies legality, the Accountant certifies cash availability and completeness, the University President approves payment, and the Cash Management Office processes payment. For scholars with DBP ATM Savings Accounts, funds are deposited through a Proof List; for those without ATM accounts, release is over-the-counter and the student signs the payroll.",Scholarships may be released to students through any available method.,ambiguous_language|missing_record_or_evidence|missing_traceability|insufficient_detail,"The revision removes scholar eligibility documentation, payroll, DV processing, certification and approval steps, the approved Proof List for ATM deposits, and payroll acknowledgment for over-the-counter release.",Needs Revision,1,"[1.0, 1.0, 0.0, 0.0, 1.0, 1.0, 0.0, 0.0, 0.0, 0.0, 0.0, 0.0]","[CHANGE TYPE]
modified

[ORIGINAL TEXT]
Accounting Staff-4 receives the list of scholars or grantees from the Scholarship Coordinator, checks document completeness, prepares payroll, and forwards payroll and supporting documents to the DV Preparer. Accounting Staff-3 prepares the Disbursement Voucher. The VPAF certifies legality, the Accountant certifies cash availability and completeness, the University President approves payment, and the Cash Management Office processes payment. For scholars with DBP ATM Savings Accounts, funds are deposited through a Proof List; for those without ATM accounts, release is over-the-counter and the student signs the payroll.

[REVISED TEXT]
Scholarships may be released to students through any available method."
removed,5.1 Disciplinary Case Report. 5.2 Disciplinary Referral Slip. 5.3 Permit to Enter the Campus or Attend Classes. 5.4 Admission Slip. 5.5 Disciplinary Action Slip.,Use documents when necessary.,ambiguous_language|missing_record_or_evidence|missing_traceability|insufficient_detail,"The revision removes the names and purposes of the required procedure records and does not identify how referrals, action slips, admission slips, permits, or case reports are controlled.",Needs Revision,1,"[1.0, 1.0, 0.0, 0.0, 1.0, 1.0, 0.0, 0.0, 0.0, 0.0, 0.0, 0.0]","[CHANGE TYPE]
removed

[ORIGINAL TEXT]
5.1 Disciplinary Case Report. 5.2 Disciplinary Referral Slip. 5.3 Permit to Enter the Campus or Attend Classes. 5.4 Admission Slip. 5.5 Disciplinary Action Slip.

[REVISED TEXT]
Use documents when necessary."
modified,"The Stall Holder shall not install, affix, or construct permanent fixtures in their respective spaces. When improvement or modification is necessary to maintain the brand or insignia of the product, the Stall Holder may secure the consent of the LNU-IGO Management. Installation and construction shall be shouldered by the Stall Holder. Upon termination or end of the contract, the Stall Holder shall restore the leased premises to its original state.",The Stall Holder may modify the stall whenever needed and restore it if possible.,ambiguous_language|missing_approval_step|missing_responsibility|insufficient_detail,"The revision removes the prohibition on permanent fixtures, the requirement for LNU-IGO Management consent, the cost responsibility, and the definite restoration obligation.",Needs Revision,1,"[1.0, 1.0, 1.0, 1.0, 0.0, 0.0, 0.0, 0.0, 0.0, 0.0, 0.0, 0.0]","[CHANGE TYPE]
modified

[ORIGINAL TEXT]
The Stall Holder shall not install, affix, or construct permanent fixtures in their respective spaces. When improvement or modification is necessary to maintain the brand or insignia of the product, the Stall Holder may secure the consent of the LNU-IGO Management. Installation and construction shall be shouldered by the Stall Holder. Upon termination or end of the contract, the Stall Holder shall restore the leased premises to its original state.

[REVISED TEXT]
The Stall Holder may modify the stall whenever needed and restore it if possible."
modified,"3.3 All student claims should be supported with complete and proper documents. 3.4 Allowances should be released to students in a timely manner based on applicable rulings, manuals, or provisions of the Memorandum of Agreement.","3.3 Student claims shall be processed only upon submission and verification of complete and proper supporting documents. 3.4 Authorized allowances shall be released within the timeframe required by the applicable ruling, manual, or Memorandum of Agreement, subject to completion of required approvals and documents.",,The revision retains the document-completeness and timely-release requirements while clarifying verification and the conditions for authorized release.,Appropriate,0,"[0.0, 0.0, 0.0, 0.0, 0.0, 0.0, 0.0, 0.0, 0.0, 0.0, 0.0, 0.0]","[CHANGE TYPE]
modified

[ORIGINAL TEXT]
3.3 All student claims should be supported with complete and proper documents. 3.4 Allowances should be released to students in a timely manner based on applicable rulings, manuals, or provisions of the Memorandum of Agreement.

[REVISED TEXT]
3.3 Student claims shall be processed only upon submission and verification of complete and proper supporting documents. 3.4 Authorized allowances shall be released within the timeframe required by the applicable ruling, manual, or Memorandum of Agreement, subject to completion of required approvals and documents."
modified,"Supply and Property Management Staff receives purchased items from the supplier and submits official receipts and purchased items to the Internal Auditor for inspection. The Internal Auditor checks that items meet the correct quality and quantity. The Supply and Property Management Director records capital expenditures and semi-expendable purchases in IGO records. Supply and Property Management Staff releases inspected items to IGO Staff or Director, who receives the items and signs the Requisition and Issue Slip.",1. Supply and Property Management Staff shall receive purchased items from the supplier and submit the items with supporting official receipts to the Internal Auditor for inspection. 2. The Internal Auditor shall inspect the items and document whether the delivered quantity and quality conform to the purchase requirements. 3. The Supply and Property Management Director shall record capital expenditures and semi-expendable item purchases in the applicable IGO records. 4. Only inspected items shall be released by Supply and Property Management Staff to the IGO Staff or Director. 5. The receiving IGO Staff or Director shall acknowledge receipt by signing the Requisition and Issue Slip.,,"The revision maintains receipt, inspection, recording, release, and acknowledgement controls while clarifying that inspection is completed before release and that supporting evidence is retained.",Appropriate,0,"[0.0, 0.0, 0.0, 0.0, 0.0, 0.0, 0.0, 0.0, 0.0, 0.0, 0.0, 0.0]","[CHANGE TYPE]
modified

[ORIGINAL TEXT]
Supply and Property Management Staff receives purchased items from the supplier and submits official receipts and purchased items to the Internal Auditor for inspection. The Internal Auditor checks that items meet the correct quality and quantity. The Supply and Property Management Director records capital expenditures and semi-expendable purchases in IGO records. Supply and Property Management Staff releases inspected items to IGO Staff or Director, who receives the items and signs the Requisition and Issue Slip.

[REVISED TEXT]
1. Supply and Property Management Staff shall receive purchased items from the supplier and submit the items with supporting official receipts to the Internal Auditor for inspection. 2. The Internal Auditor shall inspect the items and document whether the delivered quantity and quality conform to the purchase requirements. 3. The Supply and Property Management Director shall record capital expenditures and semi-expendable item purchases in the applicable IGO records. 4. Only inspected items shall be released by Supply and Property Management Staff to the IGO Staff or Director. 5. The receiving IGO Staff or Director shall acknowledge receipt by signing the Requisition and Issue Slip."
modified,3.1 Records containing personal information shall be handled in accordance with the Data Privacy Act of 2012. 3.2 Requests for information shall be governed by the Freedom of Information policy. 3.3 Accounts Receivable should be collected in a timely manner.,"Receivable records may be shared when requested, and collection may be done later.",possible_contradiction|ambiguous_language|missing_traceability|insufficient_detail,The revision removes privacy and information-request controls and weakens the requirement for timely collection without defining who may access records or when collection must occur.,Needs Revision,1,"[1.0, 1.0, 0.0, 0.0, 1.0, 0.0, 0.0, 0.0, 0.0, 0.0, 1.0, 0.0]","[CHANGE TYPE]
modified

[ORIGINAL TEXT]
3.1 Records containing personal information shall be handled in accordance with the Data Privacy Act of 2012. 3.2 Requests for information shall be governed by the Freedom of Information policy. 3.3 Accounts Receivable should be collected in a timely manner.

[REVISED TEXT]
Receivable records may be shared when requested, and collection may be done later."
modified,"Faculty or Staff with approved scholarship accomplishes the Scholar Personal Information Form and submits a Program of Study and re-entry plan. The FSDP Committee issues a Notice of Scholarship Award. The Board and University Secretary prepares the scholarship contract. The Scholar submits a Scholarship Status Report every semester or term and, at the end of the scholarship contract, submits the Transcript of Record, Diploma, Revised Re-entry Plan, hard-bound thesis or dissertation, and Scholarship Status Report.",Scholars shall submit documents after finishing their studies.,ambiguous_language|missing_record_or_evidence|missing_traceability|insufficient_detail,"The revision removes the Scholar Personal Information Form, Program of Study, re-entry plan, Notice of Scholarship Award, scholarship contract, periodic monitoring report, and specified end-of-scholarship documents.",Needs Revision,1,"[1.0, 1.0, 0.0, 0.0, 1.0, 1.0, 0.0, 0.0, 0.0, 0.0, 0.0, 0.0]","[CHANGE TYPE]
modified

[ORIGINAL TEXT]
Faculty or Staff with approved scholarship accomplishes the Scholar Personal Information Form and submits a Program of Study and re-entry plan. The FSDP Committee issues a Notice of Scholarship Award. The Board and University Secretary prepares the scholarship contract. The Scholar submits a Scholarship Status Report every semester or term and, at the end of the scholarship contract, submits the Transcript of Record, Diploma, Revised Re-entry Plan, hard-bound thesis or dissertation, and Scholarship Status Report.

[REVISED TEXT]
Scholars shall submit documents after finishing their studies."
added,"1.1 To establish a comprehensive recruitment, selection and placement of personnel for the University. 1.2 To hire and deploy competent personnel who meet the qualification standards of positions, perform duties and responsibilities, and satisfy manpower requirements. 1.3 To adhere to principles of merit and fitness in selection, placement, and promotion without discrimination based on gender, disability, religion, or ethnicity.","1.1 To establish a comprehensive recruitment, selection and placement of personnel for the University. 1.2 To hire and deploy competent personnel who meet the qualification standards of positions, perform duties and responsibilities, and satisfy manpower requirements. 1.3 To adhere to principles of merit and fitness in selection, placement, and promotion without discrimination based on gender, disability, religion, or ethnicity. 1.4 To maintain transparent and traceable recruitment and selection records for review and accountability.",,The added objective supports the existing recruitment and selection purpose by adding a relevant accountability and records-management outcome.,Appropriate,0,"[0.0, 0.0, 0.0, 0.0, 0.0, 0.0, 0.0, 0.0, 0.0, 0.0, 0.0, 0.0]","[CHANGE TYPE]
added

[ORIGINAL TEXT]
1.1 To establish a comprehensive recruitment, selection and placement of personnel for the University. 1.2 To hire and deploy competent personnel who meet the qualification standards of positions, perform duties and responsibilities, and satisfy manpower requirements. 1.3 To adhere to principles of merit and fitness in selection, placement, and promotion without discrimination based on gender, disability, religion, or ethnicity.

[REVISED TEXT]
1.1 To establish a comprehensive recruitment, selection and placement of personnel for the University. 1.2 To hire and deploy competent personnel who meet the qualification standards of positions, perform duties and responsibilities, and satisfy manpower requirements. 1.3 To adhere to principles of merit and fitness in selection, placement, and promotion without discrimination based on gender, disability, religion, or ethnicity. 1.4 To maintain transparent and traceable recruitment and selection records for review and accountability."
removed,"Only the student can claim labor, allowance, stipend, subsidies, or refund. If the student cannot claim personally, an authorized person may claim on the student's behalf with a signed Authorization Letter, photocopies of valid IDs of the student and authorized person, and presentation of the original IDs for authenticity checking by the Special Disbursing Officer.",Any person may claim student payments for convenience.,missing_approval_step|missing_record_or_evidence|missing_traceability|possible_contradiction,"The revision removes the student authorization, identification documents, authenticity checking, and restriction on who may claim student payments.",Needs Revision,1,"[0.0, 0.0, 0.0, 1.0, 1.0, 1.0, 0.0, 0.0, 0.0, 0.0, 1.0, 0.0]","[CHANGE TYPE]
removed

[ORIGINAL TEXT]
Only the student can claim labor, allowance, stipend, subsidies, or refund. If the student cannot claim personally, an authorized person may claim on the student's behalf with a signed Authorization Letter, photocopies of valid IDs of the student and authorized person, and presentation of the original IDs for authenticity checking by the Special Disbursing Officer.

[REVISED TEXT]
Any person may claim student payments for convenience."
modified,"The student pays the printing cost of the Statement of Account to the Cash Management Office and receives an Official Receipt. The student presents the Official Receipt to the Accounting Office. Accounting Staff-4 checks the Official Receipt, prepares the Statement of Account, and forwards it to the Accountant. The Accountant signs the Statement of Account and returns it to Accounting Staff-4. Accounting Staff-4 releases the Statement of Account to the student or authorized representative. The student signs the logbook upon receipt.","1. The student shall pay the applicable Statement of Account printing cost to the Cash Management Office and obtain an Official Receipt. 2. The student shall present the Official Receipt to Accounting Staff-4. 3. Accounting Staff-4 shall verify the Official Receipt, prepare the Statement of Account, and forward it to the Accountant for signature. 4. The Accountant shall sign and return the Statement of Account to Accounting Staff-4. 5. Accounting Staff-4 shall release the signed Statement of Account to the student or authorized representative and obtain the recipient's logbook signature as proof of release.",,"The revision retains payment confirmation, Official Receipt verification, preparation, signature, authorized release, and logbook acknowledgement controls.",Appropriate,0,"[0.0, 0.0, 0.0, 0.0, 0.0, 0.0, 0.0, 0.0, 0.0, 0.0, 0.0, 0.0]","[CHANGE TYPE]
modified

[ORIGINAL TEXT]
The student pays the printing cost of the Statement of Account to the Cash Management Office and receives an Official Receipt. The student presents the Official Receipt to the Accounting Office. Accounting Staff-4 checks the Official Receipt, prepares the Statement of Account, and forwards it to the Accountant. The Accountant signs the Statement of Account and returns it to Accounting Staff-4. Accounting Staff-4 releases the Statement of Account to the student or authorized representative. The student signs the logbook upon receipt.

[REVISED TEXT]
1. The student shall pay the applicable Statement of Account printing cost to the Cash Management Office and obtain an Official Receipt. 2. The student shall present the Official Receipt to Accounting Staff-4. 3. Accounting Staff-4 shall verify the Official Receipt, prepare the Statement of Account, and forward it to the Accountant for signature. 4. The Accountant shall sign and return the Statement of Account to Accounting Staff-4. 5. Accounting Staff-4 shall release the signed Statement of Account to the student or authorized representative and obtain the recipient's logbook signature as proof of release."
modified,This procedure covers and applies the entire agreement between LNU-IGO and STALL HOLDER as stipulated below.,This procedure covers and applies the entire agreement between LNU-IGO and STALL HOLDER and SECURITY GUARDS as stipulated below.,unclear_scope|missing_responsibility|insufficient_detail,"The revision adds Security Guards to the scope but does not define their role, authority, responsibility, or relationship to the concessionaire agreement.",Needs Revision,1,"[0.0, 1.0, 1.0, 0.0, 0.0, 0.0, 0.0, 1.0, 0.0, 0.0, 0.0, 0.0]","[CHANGE TYPE]
modified

[ORIGINAL TEXT]
This procedure covers and applies the entire agreement between LNU-IGO and STALL HOLDER as stipulated below.

[REVISED TEXT]
This procedure covers and applies the entire agreement between LNU-IGO and STALL HOLDER and SECURITY GUARDS as stipulated below."
modified,"Very Serious Offenses are listed in the manual and state immediate exclusion from the University. The policy lists examples involving serious harm, prohibited conduct, document integrity, misuse of resources, and other conduct determined by the Student Disciplinary Committee.","Reports involving matters listed under the Very Serious Offense section shall be referred to the formal procedure for documented assessment, notice, response, investigation, decision, and applicable review. The final outcome shall remain subject to authorized human decision-making under the established process.",,The revision preserves the need for serious handling while explicitly retaining documented due-process steps and authorized human decision-making.,Appropriate,0,"[0.0, 0.0, 0.0, 0.0, 0.0, 0.0, 0.0, 0.0, 0.0, 0.0, 0.0, 0.0]","[CHANGE TYPE]
modified

[ORIGINAL TEXT]
Very Serious Offenses are listed in the manual and state immediate exclusion from the University. The policy lists examples involving serious harm, prohibited conduct, document integrity, misuse of resources, and other conduct determined by the Student Disciplinary Committee.

[REVISED TEXT]
Reports involving matters listed under the Very Serious Offense section shall be referred to the formal procedure for documented assessment, notice, response, investigation, decision, and applicable review. The final outcome shall remain subject to authorized human decision-making under the established process."
added,"The Purchaser or End-User evaluates accredited external providers by accomplishing the External Provider Performance Evaluation Form and forwards results to the Supply and Property Officer for review and approval. The Supply and Property Officer reviews and approves the form and forwards it to the Purchaser. The Purchaser or Supply and Property Officer summarizes the evaluation results, prepares the External Providers Performance Report, and updates the List of Accredited External Providers if needed.","The Purchaser or End-User evaluates accredited external providers by accomplishing the External Provider Performance Evaluation Form and forwards results to the Supply and Property Officer for review and approval. The Supply and Property Officer reviews and approves the form and forwards it to the Purchaser. The Purchaser or Supply and Property Officer summarizes the evaluation results, prepares the External Providers Performance Report, and updates the List of Accredited External Providers if needed. The approved evaluation form, report, and updated provider-list record shall be retained according to the applicable records-control procedure.",,The added requirement is relevant to the existing evaluation workflow and strengthens traceability of approved evaluation and provider-list decisions.,Appropriate,0,"[0.0, 0.0, 0.0, 0.0, 0.0, 0.0, 0.0, 0.0, 0.0, 0.0, 0.0, 0.0]","[CHANGE TYPE]
added

[ORIGINAL TEXT]
The Purchaser or End-User evaluates accredited external providers by accomplishing the External Provider Performance Evaluation Form and forwards results to the Supply and Property Officer for review and approval. The Supply and Property Officer reviews and approves the form and forwards it to the Purchaser. The Purchaser or Supply and Property Officer summarizes the evaluation results, prepares the External Providers Performance Report, and updates the List of Accredited External Providers if needed.

[REVISED TEXT]
The Purchaser or End-User evaluates accredited external providers by accomplishing the External Provider Performance Evaluation Form and forwards results to the Supply and Property Officer for review and approval. The Supply and Property Officer reviews and approves the form and forwards it to the Purchaser. The Purchaser or Supply and Property Officer summarizes the evaluation results, prepares the External Providers Performance Report, and updates the List of Accredited External Providers if needed. The approved evaluation form, report, and updated provider-list record shall be retained according to the applicable records-control procedure."
reordered,"A reporting person issues two copies of the Disciplinary Action Slip to the student and submits a Disciplinary Referral Slip to the VPSD. The student may complete the applicable Permit to Enter the Campus or Admission Slip. The student meets the Guidance Counselor with the Disciplinary Action Slip and promissory letter. The Guidance Counselor signs the Student Violation Clearance Form. OSD Staff enters the case in the Student Violation Logbook. The student reports to the VPSD, who evaluates the case and signs the clearance form.",1. The VPSD shall sign the clearance form. 2. OSD Staff shall enter the case in the logbook. 3. The Guidance Counselor shall sign the clearance form. 4. The reporting person shall submit the referral. 5. The student shall receive the Disciplinary Action Slip.,illogical_sequence|missing_record_or_evidence|missing_traceability,"The revision signs the clearance and records the case before the student receives the action slip, the referral is submitted, and the guidance process is completed.",Needs Revision,1,"[0.0, 0.0, 0.0, 0.0, 1.0, 1.0, 0.0, 0.0, 0.0, 1.0, 0.0, 0.0]","[CHANGE TYPE]
reordered

[ORIGINAL TEXT]
A reporting person issues two copies of the Disciplinary Action Slip to the student and submits a Disciplinary Referral Slip to the VPSD. The student may complete the applicable Permit to Enter the Campus or Admission Slip. The student meets the Guidance Counselor with the Disciplinary Action Slip and promissory letter. The Guidance Counselor signs the Student Violation Clearance Form. OSD Staff enters the case in the Student Violation Logbook. The student reports to the VPSD, who evaluates the case and signs the clearance form.

[REVISED TEXT]
1. The VPSD shall sign the clearance form. 2. OSD Staff shall enter the case in the logbook. 3. The Guidance Counselor shall sign the clearance form. 4. The reporting person shall submit the referral. 5. The student shall receive the Disciplinary Action Slip."
modified,"VPs, Deans, and Directors monitor and coach staff, update subordinates, provide interventions for slow performance, and complete the Performance Monitoring and Coaching Journal. Deans and Directors monitor targets using the Tracking Tool and Performance Monitoring Form and prepare quarterly accomplishment reports. PMT reviews final ratings and recommends approval of ranking and forced comparison. The University President approves ratings. The Planning Officer distributes ratings and prepares consolidated reports. The Director HRM submits the Consolidated Individual Performance Review Report to CSC.","1. VPs, Deans, and Directors shall monitor staff performance, provide coaching and interventions when needed, and document actions in the Performance Monitoring and Coaching Journal. 2. Deans and Directors shall monitor targets using the approved monitoring tools and prepare quarterly accomplishment reports. 3. The PMT shall review final ratings and recommend approval of the ranking and forced comparison. 4. The University President shall approve the employee ratings. 5. The Planning Officer shall distribute individual ratings and prepare the Consolidated Individual Performance Review Report. 6. The Director HRM shall submit the required consolidated report to CSC.",,"The revision preserves monitoring, coaching, interventions, monitoring tools, quarterly reports, rating review, approval, distribution, consolidation, and CSC submission.",Appropriate,0,"[0.0, 0.0, 0.0, 0.0, 0.0, 0.0, 0.0, 0.0, 0.0, 0.0, 0.0, 0.0]","[CHANGE TYPE]
modified

[ORIGINAL TEXT]
VPs, Deans, and Directors monitor and coach staff, update subordinates, provide interventions for slow performance, and complete the Performance Monitoring and Coaching Journal. Deans and Directors monitor targets using the Tracking Tool and Performance Monitoring Form and prepare quarterly accomplishment reports. PMT reviews final ratings and recommends approval of ranking and forced comparison. The University President approves ratings. The Planning Officer distributes ratings and prepares consolidated reports. The Director HRM submits the Consolidated Individual Performance Review Report to CSC.

[REVISED TEXT]
1. VPs, Deans, and Directors shall monitor staff performance, provide coaching and interventions when needed, and document actions in the Performance Monitoring and Coaching Journal. 2. Deans and Directors shall monitor targets using the approved monitoring tools and prepare quarterly accomplishment reports. 3. The PMT shall review final ratings and recommend approval of the ranking and forced comparison. 4. The University President shall approve the employee ratings. 5. The Planning Officer shall distribute individual ratings and prepare the Consolidated Individual Performance Review Report. 6. The Director HRM shall submit the required consolidated report to CSC."
modified,"The Program Chair secures authority from the UCC Chair or VPAS to develop or revise a curriculum and writes a request. The UCC conducts orientation. The Program Curriculum Committee crafts the proposed curriculum, the CCC deliberates it for endorsement to the UCC, and the UCC deliberates it for stakeholder consultation and submission to the Academic Council. The Academic Council endorses the proposal to the BOR, the BOR approves it, the Curriculum Officer submits it to CHED and disseminates it after CHED approval, and the UCC Chair endorses implementation.",The curriculum committees shall review the curriculum and send it to the offices concerned.,ambiguous_language|missing_responsibility|missing_record_or_evidence|missing_approval_step|insufficient_detail,"The revision does not identify the required authority request, committee responsibilities, stakeholder consultation, Academic Council, BOR, CHED documentation, dissemination recipients, or implementation endorsement.",Needs Revision,1,"[1.0, 1.0, 1.0, 1.0, 0.0, 1.0, 0.0, 0.0, 0.0, 0.0, 0.0, 0.0]","[CHANGE TYPE]
modified

[ORIGINAL TEXT]
The Program Chair secures authority from the UCC Chair or VPAS to develop or revise a curriculum and writes a request. The UCC conducts orientation. The Program Curriculum Committee crafts the proposed curriculum, the CCC deliberates it for endorsement to the UCC, and the UCC deliberates it for stakeholder consultation and submission to the Academic Council. The Academic Council endorses the proposal to the BOR, the BOR approves it, the Curriculum Officer submits it to CHED and disseminates it after CHED approval, and the UCC Chair endorses implementation.

[REVISED TEXT]
The curriculum committees shall review the curriculum and send it to the offices concerned."
removed,1.1 To effectively control and monitor accounts receivable in order to maintain the healthy cash flow of the University. 1.2 To recognize timely potential collection problems of accounts receivable. 1.3 To immediately take action on past due accounts.,1.1 To manage University finances.,ambiguous_language|insufficient_detail|unclear_scope,"The revision removes the specific objectives for monitoring accounts receivable, recognizing collection problems, and acting on past due accounts.",Needs Revision,1,"[1.0, 1.0, 0.0, 0.0, 0.0, 0.0, 0.0, 1.0, 0.0, 0.0, 0.0, 0.0]","[CHANGE TYPE]
removed

[ORIGINAL TEXT]
1.1 To effectively control and monitor accounts receivable in order to maintain the healthy cash flow of the University. 1.2 To recognize timely potential collection problems of accounts receivable. 1.3 To immediately take action on past due accounts.

[REVISED TEXT]
1.1 To manage University finances."
modified,"A reporting person issues a Disciplinary Action Slip, submits a Disciplinary Referral Slip to the VPSD, and OSD Staff records the case. The PHC determines whether formal investigation is warranted; when sufficient, formal charges are served on the respondent and parent or guardian. The respondent may answer in writing within ten calendar days. The Chair of the SDC notifies the student and parent or guardian of the hearing. The SDC renders a decision by majority vote within fifteen days after receiving the complaint. The student may appeal through the applicable review route.","1. The reporting security guard, faculty member, or staff member shall issue the Disciplinary Action Slip and submit the Disciplinary Referral Slip to the Office of the VPSD. 2. OSD Staff shall record the case in the Student Violation Logbook. 3. The PHC shall determine whether the documented report warrants formal investigation. 4. When formal investigation is initiated, formal charges shall be served on the respondent and parent or guardian. 5. The respondent shall be given the stated opportunity to answer in writing. 6. The Chair of the SDC shall notify the student and parent or guardian of the formal hearing. 7. The SDC shall render and document its decision by majority vote within the stated period. 8. The student may use the applicable appeal route for review by the authorized authority.",,"The revision retains reporting, logbook entry, PHC assessment, notice, written response, hearing notice, committee decision, and appeal-routing safeguards.",Appropriate,0,"[0.0, 0.0, 0.0, 0.0, 0.0, 0.0, 0.0, 0.0, 0.0, 0.0, 0.0, 0.0]","[CHANGE TYPE]
modified

[ORIGINAL TEXT]
A reporting person issues a Disciplinary Action Slip, submits a Disciplinary Referral Slip to the VPSD, and OSD Staff records the case. The PHC determines whether formal investigation is warranted; when sufficient, formal charges are served on the respondent and parent or guardian. The respondent may answer in writing within ten calendar days. The Chair of the SDC notifies the student and parent or guardian of the hearing. The SDC renders a decision by majority vote within fifteen days after receiving the complaint. The student may appeal through the applicable review route.

[REVISED TEXT]
1. The reporting security guard, faculty member, or staff member shall issue the Disciplinary Action Slip and submit the Disciplinary Referral Slip to the Office of the VPSD. 2. OSD Staff shall record the case in the Student Violation Logbook. 3. The PHC shall determine whether the documented report warrants formal investigation. 4. When formal investigation is initiated, formal charges shall be served on the respondent and parent or guardian. 5. The respondent shall be given the stated opportunity to answer in writing. 6. The Chair of the SDC shall notify the student and parent or guardian of the formal hearing. 7. The SDC shall render and document its decision by majority vote within the stated period. 8. The student may use the applicable appeal route for review by the authorized authority."
reordered,"Faculty and personnel log in and log out through the biometrics system. The Records Officer prints monthly Daily Time Records within two working days of the following month, sends transmittal letters to divisions or offices, and retains copies. College Deans receive DTRs, sign, and submit them to HRM. The University President signs DTRs of Vice Presidents and Chiefs of Offices. The Director HRM receives signed DTRs and prepares payroll.",1. The Director HRM shall prepare payroll. 2. Faculty and personnel shall log in and log out through biometrics. 3. College Deans shall sign DTRs. 4. The Records Officer shall print DTRs. 5. The University President shall sign DTRs of Vice Presidents and Chiefs of Offices.,illogical_sequence|missing_record_or_evidence|missing_traceability,"The revision prepares payroll before DTRs are printed, distributed, signed, and received by HRM. It also removes transmittal letters and the timing requirement for DTR production.",Needs Revision,1,"[0.0, 0.0, 0.0, 0.0, 1.0, 1.0, 0.0, 0.0, 0.0, 1.0, 0.0, 0.0]","[CHANGE TYPE]
reordered

[ORIGINAL TEXT]
Faculty and personnel log in and log out through the biometrics system. The Records Officer prints monthly Daily Time Records within two working days of the following month, sends transmittal letters to divisions or offices, and retains copies. College Deans receive DTRs, sign, and submit them to HRM. The University President signs DTRs of Vice Presidents and Chiefs of Offices. The Director HRM receives signed DTRs and prepares payroll.

[REVISED TEXT]
1. The Director HRM shall prepare payroll. 2. Faculty and personnel shall log in and log out through biometrics. 3. College Deans shall sign DTRs. 4. The Records Officer shall print DTRs. 5. The University President shall sign DTRs of Vice Presidents and Chiefs of Offices."
removed,1.1 To provide guidelines and procedures in evaluation of external providers. 1.2 To ensure that guidelines and procedures in evaluation of external providers are strictly followed.,1.1 To evaluate suppliers when necessary.,ambiguous_language|insufficient_detail|unclear_scope,The revision removes the purpose of providing guidelines and ensuring implementation of the evaluation procedure. It also makes the timing and scope of evaluation unclear.,Needs Revision,1,"[1.0, 1.0, 0.0, 0.0, 0.0, 0.0, 0.0, 1.0, 0.0, 0.0, 0.0, 0.0]","[CHANGE TYPE]
removed

[ORIGINAL TEXT]
1.1 To provide guidelines and procedures in evaluation of external providers. 1.2 To ensure that guidelines and procedures in evaluation of external providers are strictly followed.

[REVISED TEXT]
1.1 To evaluate suppliers when necessary."
modified,"An offense is a violation of University rules and regulations. Offenses are classified as Light, Serious, and Very Serious with corresponding sanctions.","For purposes of this procedure, a reported violation of University rules or regulations shall be categorized under the applicable Light, Serious, or Very Serious process classification. The classification and corresponding procedural route shall be recorded and reviewed by authorized University personnel.",,The revision preserves the three-level structure while emphasizing documented classification and authorized procedural review rather than an automated or unsupported conclusion.,Appropriate,0,"[0.0, 0.0, 0.0, 0.0, 0.0, 0.0, 0.0, 0.0, 0.0, 0.0, 0.0, 0.0]","[CHANGE TYPE]
modified

[ORIGINAL TEXT]
An offense is a violation of University rules and regulations. Offenses are classified as Light, Serious, and Very Serious with corresponding sanctions.

[REVISED TEXT]
For purposes of this procedure, a reported violation of University rules or regulations shall be categorized under the applicable Light, Serious, or Very Serious process classification. The classification and corresponding procedural route shall be recorded and reviewed by authorized University personnel."
modified,"Accounting Staff-4 receives student Clearances from the Adviser, checks student ledgers, and countersigns Clearances when no accountabilities remain. If there are accountabilities, the Accountant returns the Clearance to the Adviser, who advises parents or students to settle the accountabilities. The student or parent settles at the Cash Management Office and returns the Clearance with the Official Receipt to the Accountant. The Accountant signs the Clearance when no accountabilities remain.","1. Accounting Staff-4 shall receive student Clearances from the Adviser and verify each student's ledger for accountabilities. 2. When no accountabilities remain, Accounting Staff-4 shall countersign the Clearance and forward it to the Accountant. 3. When accountabilities remain, the Accountant shall return the Clearance to the Adviser for notice to the parent or student. 4. The student or parent shall settle the accountabilities at the Cash Management Office and return the Clearance with the Official Receipt to the Accountant. 5. The Accountant shall sign the Clearance only after confirming that no accountabilities remain.",,"The revision retains the adviser, parent or student, Accounting Staff, and Accountant responsibilities, as well as Official Receipt evidence and conditional clearance signing.",Appropriate,0,"[0.0, 0.0, 0.0, 0.0, 0.0, 0.0, 0.0, 0.0, 0.0, 0.0, 0.0, 0.0]","[CHANGE TYPE]
modified

[ORIGINAL TEXT]
Accounting Staff-4 receives student Clearances from the Adviser, checks student ledgers, and countersigns Clearances when no accountabilities remain. If there are accountabilities, the Accountant returns the Clearance to the Adviser, who advises parents or students to settle the accountabilities. The student or parent settles at the Cash Management Office and returns the Clearance with the Official Receipt to the Accountant. The Accountant signs the Clearance when no accountabilities remain.

[REVISED TEXT]
1. Accounting Staff-4 shall receive student Clearances from the Adviser and verify each student's ledger for accountabilities. 2. When no accountabilities remain, Accounting Staff-4 shall countersign the Clearance and forward it to the Accountant. 3. When accountabilities remain, the Accountant shall return the Clearance to the Adviser for notice to the parent or student. 4. The student or parent shall settle the accountabilities at the Cash Management Office and return the Clearance with the Official Receipt to the Accountant. 5. The Accountant shall sign the Clearance only after confirming that no accountabilities remain."
modified,"The Preliminary Hearing Committee assesses complaints involving serious or very serious matters to determine whether they warrant formal investigation. The PHC consists of the VPSD, SSC Adviser, Guidance Counselor, and SSC President.",The VPSD alone decides whether every report requires a formal investigation.,missing_responsibility|missing_traceability|missing_record_or_evidence|insufficient_detail,"The revision removes the Preliminary Hearing Committee composition, collective assessment role, and documented basis for deciding whether formal investigation is warranted.",Needs Revision,1,"[0.0, 1.0, 1.0, 0.0, 1.0, 1.0, 0.0, 0.0, 0.0, 0.0, 0.0, 0.0]","[CHANGE TYPE]
modified

[ORIGINAL TEXT]
The Preliminary Hearing Committee assesses complaints involving serious or very serious matters to determine whether they warrant formal investigation. The PHC consists of the VPSD, SSC Adviser, Guidance Counselor, and SSC President.

[REVISED TEXT]
The VPSD alone decides whether every report requires a formal investigation."
reordered,"Accounting Staff-4 receives Daily Time Records and Special Orders of student assistants, checks completeness and propriety, and prepares payroll. Accounting Staff-8 forwards the payroll and supporting documents to the Budget Office for ORS or BURS issuance when applicable. The Budget Officer issues and signs the ORS or BURS. Accounting Staff-3 prepares the Disbursement Voucher. The VPAF certifies legality, the Accountant certifies cash availability and document completeness, the University President approves payment, and the Cash Management Office processes and releases wages after check encashment. The student signs the payroll.",1. The Cash Management Office shall release wages to the student assistant. 2. The student shall sign the payroll. 3. Accounting Staff-4 shall prepare payroll and gather documents. 4. The University President shall approve payment. 5. The Accountant shall certify cash availability. 6. The Budget Officer shall issue the ORS or BURS.,illogical_sequence|missing_record_or_evidence|missing_approval_step|missing_responsibility,"The revision releases wages before payroll preparation, document verification, required certifications, and approval. It also omits the Disbursement Voucher and the required document-forwarding sequence.",Needs Revision,1,"[0.0, 0.0, 1.0, 1.0, 0.0, 1.0, 0.0, 0.0, 0.0, 1.0, 0.0, 0.0]","[CHANGE TYPE]
reordered

[ORIGINAL TEXT]
Accounting Staff-4 receives Daily Time Records and Special Orders of student assistants, checks completeness and propriety, and prepares payroll. Accounting Staff-8 forwards the payroll and supporting documents to the Budget Office for ORS or BURS issuance when applicable. The Budget Officer issues and signs the ORS or BURS. Accounting Staff-3 prepares the Disbursement Voucher. The VPAF certifies legality, the Accountant certifies cash availability and document completeness, the University President approves payment, and the Cash Management Office processes and releases wages after check encashment. The student signs the payroll.

[REVISED TEXT]
1. The Cash Management Office shall release wages to the student assistant. 2. The student shall sign the payroll. 3. Accounting Staff-4 shall prepare payroll and gather documents. 4. The University President shall approve payment. 5. The Accountant shall certify cash availability. 6. The Budget Officer shall issue the ORS or BURS."
added,"1.1 To provide guidelines and procedures of accounting services to the students, the raison d'etre of the University.","1.1 To provide guidelines and procedures of accounting services to the students, the raison d'etre of the University. 1.2 To promote timely, accurate, and accountable processing of student-related accounting transactions.",,The added objective is relevant to student accounting and clearly supports the manual's service-delivery purpose.,Appropriate,0,"[0.0, 0.0, 0.0, 0.0, 0.0, 0.0, 0.0, 0.0, 0.0, 0.0, 0.0, 0.0]","[CHANGE TYPE]
added

[ORIGINAL TEXT]
1.1 To provide guidelines and procedures of accounting services to the students, the raison d'etre of the University.

[REVISED TEXT]
1.1 To provide guidelines and procedures of accounting services to the students, the raison d'etre of the University. 1.2 To promote timely, accurate, and accountable processing of student-related accounting transactions."
modified,"The Career and Personnel Development Plan is established for reference and guidance. LNU values human resources as an asset and commits to a systematic career and personnel development program. The plan includes interventions such as merit promotion, performance evaluation, conferences and seminars, scholarship and training grants, suggestions, incentives, welfare, counseling, coaching, job rotation, secondment, detail, job shifting, and others.",The University may provide training activities when funds are available.,ambiguous_language|insufficient_detail|missing_responsibility|missing_traceability,"The revision removes the systematic Career and Personnel Development Plan, the University commitment, the range of development interventions, and the basis for planning or documenting staff development.",Needs Revision,1,"[1.0, 1.0, 1.0, 0.0, 1.0, 0.0, 0.0, 0.0, 0.0, 0.0, 0.0, 0.0]","[CHANGE TYPE]
modified

[ORIGINAL TEXT]
The Career and Personnel Development Plan is established for reference and guidance. LNU values human resources as an asset and commits to a systematic career and personnel development program. The plan includes interventions such as merit promotion, performance evaluation, conferences and seminars, scholarship and training grants, suggestions, incentives, welfare, counseling, coaching, job rotation, secondment, detail, job shifting, and others.

[REVISED TEXT]
The University may provide training activities when funds are available."
added,"The Director of HRM publishes job vacancies, receives applications and documentary requirements, evaluates applicants and next-in-rank candidates, establishes qualification standards, prepares shortlisted candidates, and prepares background-review and assessment documents. The PSB or FSB conducts interviews, teaching demonstrations when applicable, verifies qualifications and fitness, schedules deliberation, and prepares deliberation results. The Director of HRM facilitates signing and submits recommendation results to the University President. The Director prepares appointment papers, submits them for signature, releases the approved appointment, introduces the new employee to the unit, and conducts orientation. The successful applicant receives the appointment and reports for duty.","The Director of HRM publishes job vacancies, receives applications and documentary requirements, evaluates applicants and next-in-rank candidates, establishes qualification standards, prepares shortlisted candidates, and prepares background-review and assessment documents. The PSB or FSB conducts interviews, teaching demonstrations when applicable, verifies qualifications and fitness, schedules deliberation, and prepares deliberation results. The Director of HRM facilitates signing and submits recommendation results to the University President. The Director prepares appointment papers, submits them for signature, releases the approved appointment, introduces the new employee to the unit, and conducts orientation. The successful applicant receives the appointment and reports for duty. The HRMO shall retain the vacancy announcement, application evaluation, deliberation result, recommendation, appointment, and orientation records according to the applicable records-control procedure.",,The added record-retention requirement is relevant to the recruitment workflow and strengthens traceability of key selection and placement decisions.,Appropriate,0,"[0.0, 0.0, 0.0, 0.0, 0.0, 0.0, 0.0, 0.0, 0.0, 0.0, 0.0, 0.0]","[CHANGE TYPE]
added

[ORIGINAL TEXT]
The Director of HRM publishes job vacancies, receives applications and documentary requirements, evaluates applicants and next-in-rank candidates, establishes qualification standards, prepares shortlisted candidates, and prepares background-review and assessment documents. The PSB or FSB conducts interviews, teaching demonstrations when applicable, verifies qualifications and fitness, schedules deliberation, and prepares deliberation results. The Director of HRM facilitates signing and submits recommendation results to the University President. The Director prepares appointment papers, submits them for signature, releases the approved appointment, introduces the new employee to the unit, and conducts orientation. The successful applicant receives the appointment and reports for duty.

[REVISED TEXT]
The Director of HRM publishes job vacancies, receives applications and documentary requirements, evaluates applicants and next-in-rank candidates, establishes qualification standards, prepares shortlisted candidates, and prepares background-review and assessment documents. The PSB or FSB conducts interviews, teaching demonstrations when applicable, verifies qualifications and fitness, schedules deliberation, and prepares deliberation results. The Director of HRM facilitates signing and submits recommendation results to the University President. The Director prepares appointment papers, submits them for signature, releases the approved appointment, introduces the new employee to the unit, and conducts orientation. The successful applicant receives the appointment and reports for duty. The HRMO shall retain the vacancy announcement, application evaluation, deliberation result, recommendation, appointment, and orientation records according to the applicable records-control procedure."
modified,"The Career and Personnel Development Plan is established for reference and guidance. LNU values human resources as an asset and commits to a systematic career and personnel development program. The plan includes interventions such as merit promotion, performance evaluation, conferences and seminars, scholarship and training grants, suggestions, incentives, welfare, counseling, coaching, job rotation, secondment, detail, job shifting, and others.","The Career and Personnel Development Plan shall guide the systematic development of University personnel. The University shall treat human resources as a key institutional asset and provide appropriate interventions, including merit promotion, performance evaluation, conferences and seminars, local and foreign scholarships and training grants, counseling, coaching, welfare, job rotation, secondment, detail, job shifting, and incentive systems.",,The revision retains the systematic development-plan purpose and broad range of interventions while organizing them more clearly.,Appropriate,0,"[0.0, 0.0, 0.0, 0.0, 0.0, 0.0, 0.0, 0.0, 0.0, 0.0, 0.0, 0.0]","[CHANGE TYPE]
modified

[ORIGINAL TEXT]
The Career and Personnel Development Plan is established for reference and guidance. LNU values human resources as an asset and commits to a systematic career and personnel development program. The plan includes interventions such as merit promotion, performance evaluation, conferences and seminars, scholarship and training grants, suggestions, incentives, welfare, counseling, coaching, job rotation, secondment, detail, job shifting, and others.

[REVISED TEXT]
The Career and Personnel Development Plan shall guide the systematic development of University personnel. The University shall treat human resources as a key institutional asset and provide appropriate interventions, including merit promotion, performance evaluation, conferences and seminars, local and foreign scholarships and training grants, counseling, coaching, welfare, job rotation, secondment, detail, job shifting, and incentive systems."
modified,Recruitment shall follow Civil Service Commission laws and rules stating that government employment opportunities are open to all qualified citizens and that positive efforts shall attract the best qualified applicants. Employees shall be selected based on fitness to perform the duties and responsibilities of the position.,"Recruitment shall provide qualified citizens equal opportunity to apply for government employment, and the HRMO shall use reasonable publication methods to attract qualified applicants. Selection shall be based on an applicant's demonstrated fitness, qualifications, and ability to perform the duties and responsibilities of the position.",,"The revision retains open opportunity, outreach to qualified applicants, and fitness-based selection while clarifying the HRMO's role.",Appropriate,0,"[0.0, 0.0, 0.0, 0.0, 0.0, 0.0, 0.0, 0.0, 0.0, 0.0, 0.0, 0.0]","[CHANGE TYPE]
modified

[ORIGINAL TEXT]
Recruitment shall follow Civil Service Commission laws and rules stating that government employment opportunities are open to all qualified citizens and that positive efforts shall attract the best qualified applicants. Employees shall be selected based on fitness to perform the duties and responsibilities of the position.

[REVISED TEXT]
Recruitment shall provide qualified citizens equal opportunity to apply for government employment, and the HRMO shall use reasonable publication methods to attract qualified applicants. Selection shall be based on an applicant's demonstrated fitness, qualifications, and ability to perform the duties and responsibilities of the position."
modified,"The student submits the Application for Student Records. Accounting Staff-4 receives the application, checks the student's ledger or account using the Student Information and Accounting System, signs the application if the student has no financial accountabilities, advises the student to settle accountabilities first if there are outstanding balances, signs the application after settlement, and releases the application to the student.","1. The student shall submit the Application for Student Records to Accounting Staff-4. 2. Accounting Staff-4 shall receive the application and verify the student's ledger or account using the Student Information and Accounting System. 3. If the student has no outstanding financial accountabilities, Accounting Staff-4 shall sign and release the application. 4. If accountabilities remain, Accounting Staff-4 shall advise the student to settle them with the Cash Management Office and shall sign the application only after verifying settlement. 5. The student shall receive the signed application.",,"The revision retains the submission, ledger verification, conditional signing, settlement requirement, and release sequence while making the decision conditions clear.",Appropriate,0,"[0.0, 0.0, 0.0, 0.0, 0.0, 0.0, 0.0, 0.0, 0.0, 0.0, 0.0, 0.0]","[CHANGE TYPE]
modified

[ORIGINAL TEXT]
The student submits the Application for Student Records. Accounting Staff-4 receives the application, checks the student's ledger or account using the Student Information and Accounting System, signs the application if the student has no financial accountabilities, advises the student to settle accountabilities first if there are outstanding balances, signs the application after settlement, and releases the application to the student.

[REVISED TEXT]
1. The student shall submit the Application for Student Records to Accounting Staff-4. 2. Accounting Staff-4 shall receive the application and verify the student's ledger or account using the Student Information and Accounting System. 3. If the student has no outstanding financial accountabilities, Accounting Staff-4 shall sign and release the application. 4. If accountabilities remain, Accounting Staff-4 shall advise the student to settle them with the Cash Management Office and shall sign the application only after verifying settlement. 5. The student shall receive the signed application."
modified,"The appointing authority may promote a next-in-rank employee with superior qualifications and competence compared with another next-in-rank employee who only meets minimum requirements. Promotion factors for non-teaching staff include educational qualifications, competence, personality traits and potential, relevant experience, relevant trainings, and special skills.","Promotion decisions may consider a next-in-rank employee's superior qualifications and competence in relation to the requirements of the position. For non-teaching staff, the evaluation shall consider educational qualifications, competence, personality traits and potential, relevant experience, relevant training, and special skills, with the basis for the recommendation documented.",,The revision retains the policy basis and identified promotion factors while adding documentation of the recommendation basis.,Appropriate,0,"[0.0, 0.0, 0.0, 0.0, 0.0, 0.0, 0.0, 0.0, 0.0, 0.0, 0.0, 0.0]","[CHANGE TYPE]
modified

[ORIGINAL TEXT]
The appointing authority may promote a next-in-rank employee with superior qualifications and competence compared with another next-in-rank employee who only meets minimum requirements. Promotion factors for non-teaching staff include educational qualifications, competence, personality traits and potential, relevant experience, relevant trainings, and special skills.

[REVISED TEXT]
Promotion decisions may consider a next-in-rank employee's superior qualifications and competence in relation to the requirements of the position. For non-teaching staff, the evaluation shall consider educational qualifications, competence, personality traits and potential, relevant experience, relevant training, and special skills, with the basis for the recommendation documented."
removed,"The new Policies, Standards, and Guidelines of the Commission on Higher Education shall serve as bases for crafting a new curriculum or revising an existing curriculum.",Curricula may be revised based on the preference of the program.,missing_approval_step|missing_traceability|possible_contradiction|insufficient_detail,The revision removes CHED PSGs as a required basis and substitutes an undefined program preference without a regulatory or documented standard.,Needs Revision,1,"[0.0, 1.0, 0.0, 1.0, 1.0, 0.0, 0.0, 0.0, 0.0, 0.0, 1.0, 0.0]","[CHANGE TYPE]
removed

[ORIGINAL TEXT]
The new Policies, Standards, and Guidelines of the Commission on Higher Education shall serve as bases for crafting a new curriculum or revising an existing curriculum.

[REVISED TEXT]
Curricula may be revised based on the preference of the program."
modified,"3.1 Government resources shall be managed, expended, or utilized in accordance with laws and regulations and safeguarded against loss or wastage through illegal or improper disposition. Responsibility for faithful adherence rests directly with the chief or head of the government agency concerned. 3.2 No money shall be paid out of any public treasury or depository except pursuant to an appropriation law or other specific statutory authority. 3.3 All laws and regulations applicable to financial transactions shall be faithfully adhered to.","Government funds may be used when offices need them, provided that the transactions are reasonable.",ambiguous_language|missing_approval_step|missing_responsibility|possible_contradiction,"The revision removes the requirement for statutory authority, compliance with laws and regulations, and accountability of the responsible agency head. The phrase 'reasonable' does not provide a defined financial-control requirement.",Needs Revision,1,"[1.0, 0.0, 1.0, 1.0, 0.0, 0.0, 0.0, 0.0, 0.0, 0.0, 1.0, 0.0]","[CHANGE TYPE]
modified

[ORIGINAL TEXT]
3.1 Government resources shall be managed, expended, or utilized in accordance with laws and regulations and safeguarded against loss or wastage through illegal or improper disposition. Responsibility for faithful adherence rests directly with the chief or head of the government agency concerned. 3.2 No money shall be paid out of any public treasury or depository except pursuant to an appropriation law or other specific statutory authority. 3.3 All laws and regulations applicable to financial transactions shall be faithfully adhered to.

[REVISED TEXT]
Government funds may be used when offices need them, provided that the transactions are reasonable."
added,5.1 None.,"5.1 No prescribed form is required for this procedure. The PRAISE Committee shall maintain approved nomination, evaluation, and award-decision records using the format authorized by the Committee and the applicable records-control procedure.",,The revision respects the manual's statement that there is no prescribed form while clarifying that essential nomination and award records still need to be controlled.,Appropriate,0,"[0.0, 0.0, 0.0, 0.0, 0.0, 0.0, 0.0, 0.0, 0.0, 0.0, 0.0, 0.0]","[CHANGE TYPE]
added

[ORIGINAL TEXT]
5.1 None.

[REVISED TEXT]
5.1 No prescribed form is required for this procedure. The PRAISE Committee shall maintain approved nomination, evaluation, and award-decision records using the format authorized by the Committee and the applicable records-control procedure."
modified,3.1 All items purchased for the Income Generating Office operations shall be inspected before use or sale. 3.2 A Special Order shall be issued to workers before assumption to duty. 3.3 Student laborers shall observe proper limitations as to their assigned tasks. 3.4 All income shall be deposited to the depository bank on the following day.,"Items may be used right away, workers can start when needed, and income will be deposited later.",possible_contradiction|missing_approval_step|missing_traceability|insufficient_detail,"The revision weakens or contradicts inspection-before-use, Special Order issuance, authorized student-labor assignments, and next-day income-deposit requirements. It also removes the responsible role and expected documentation.",Needs Revision,1,"[0.0, 1.0, 0.0, 1.0, 1.0, 0.0, 0.0, 0.0, 0.0, 0.0, 1.0, 0.0]","[CHANGE TYPE]
modified

[ORIGINAL TEXT]
3.1 All items purchased for the Income Generating Office operations shall be inspected before use or sale. 3.2 A Special Order shall be issued to workers before assumption to duty. 3.3 Student laborers shall observe proper limitations as to their assigned tasks. 3.4 All income shall be deposited to the depository bank on the following day.

[REVISED TEXT]
Items may be used right away, workers can start when needed, and income will be deposited later."
reordered,The policies and procedure stipulated herein shall be observed by all those concerned in the revision and development of curricular programs in the University.,All persons and committees involved in curriculum development or revision shall observe the policies and procedure established in this manual.,,The revision changes the wording order but preserves the requirement that concerned parties follow the established curriculum procedure.,Appropriate,0,"[0.0, 0.0, 0.0, 0.0, 0.0, 0.0, 0.0, 0.0, 0.0, 0.0, 0.0, 0.0]","[CHANGE TYPE]
reordered

[ORIGINAL TEXT]
The policies and procedure stipulated herein shall be observed by all those concerned in the revision and development of curricular programs in the University.

[REVISED TEXT]
All persons and committees involved in curriculum development or revision shall observe the policies and procedure established in this manual."
modified,1.1 To provide guidelines on the income generating projects of LNU. 1.2 To ensure that these guidelines and policies are followed and maintained.,"1.1 To establish guidelines for planning, approving, implementing, monitoring, and reporting income-generating projects of Leyte Normal University. 1.2 To ensure that applicable policies and procedures for income-generating projects are consistently implemented, monitored, and maintained.",,The revision preserves the original purpose of providing guidelines and ensuring policy implementation while clarifying the activities covered by the manual.,Appropriate,0,"[0.0, 0.0, 0.0, 0.0, 0.0, 0.0, 0.0, 0.0, 0.0, 0.0, 0.0, 0.0]","[CHANGE TYPE]
modified

[ORIGINAL TEXT]
1.1 To provide guidelines on the income generating projects of LNU. 1.2 To ensure that these guidelines and policies are followed and maintained.

[REVISED TEXT]
1.1 To establish guidelines for planning, approving, implementing, monitoring, and reporting income-generating projects of Leyte Normal University. 1.2 To ensure that applicable policies and procedures for income-generating projects are consistently implemented, monitored, and maintained."
modified,"1.1 To provide guidelines and procedures of accounting services to the students, the raison d'etre of the University.","1.1 To provide clear guidelines and procedures for delivering student accounting services, including the processing and release of authorized student claims, allowances, refunds, and accounting documents.",,The revision preserves the objective of serving students through accounting services while stating the service coverage more clearly.,Appropriate,0,"[0.0, 0.0, 0.0, 0.0, 0.0, 0.0, 0.0, 0.0, 0.0, 0.0, 0.0, 0.0]","[CHANGE TYPE]
modified

[ORIGINAL TEXT]
1.1 To provide guidelines and procedures of accounting services to the students, the raison d'etre of the University.

[REVISED TEXT]
1.1 To provide clear guidelines and procedures for delivering student accounting services, including the processing and release of authorized student claims, allowances, refunds, and accounting documents."
modified,This procedure applies to all bona fide students of the University.,This procedure applies to anyone connected with the University.,unclear_scope|insufficient_detail,The revision expands the scope without defining who is covered or how the procedure applies to non-student persons.,Needs Revision,1,"[0.0, 1.0, 0.0, 0.0, 0.0, 0.0, 0.0, 1.0, 0.0, 0.0, 0.0, 0.0]","[CHANGE TYPE]
modified

[ORIGINAL TEXT]
This procedure applies to all bona fide students of the University.

[REVISED TEXT]
This procedure applies to anyone connected with the University."
reordered,"The Purchaser or End-User evaluates accredited external providers by accomplishing the External Provider Performance Evaluation Form and forwards results to the Supply and Property Officer for review and approval. The Supply and Property Officer reviews and approves the form and forwards it to the Purchaser. The Purchaser or Supply and Property Officer summarizes the evaluation results, prepares the External Providers Performance Report, and updates the List of Accredited External Providers if needed.",1. The Purchaser shall update the List of Accredited External Providers. 2. The Purchaser shall prepare the External Providers Performance Report. 3. The Supply and Property Officer shall approve the External Provider Performance Evaluation Form. 4. The Purchaser or End-User shall complete the External Provider Performance Evaluation Form.,illogical_sequence|missing_record_or_evidence|missing_responsibility,"The revision updates the accredited-provider list and prepares the report before the evaluation is completed, reviewed, and approved. It also removes the required forwarding of results for review.",Needs Revision,1,"[0.0, 0.0, 1.0, 0.0, 0.0, 1.0, 0.0, 0.0, 0.0, 1.0, 0.0, 0.0]","[CHANGE TYPE]
reordered

[ORIGINAL TEXT]
The Purchaser or End-User evaluates accredited external providers by accomplishing the External Provider Performance Evaluation Form and forwards results to the Supply and Property Officer for review and approval. The Supply and Property Officer reviews and approves the form and forwards it to the Purchaser. The Purchaser or Supply and Property Officer summarizes the evaluation results, prepares the External Providers Performance Report, and updates the List of Accredited External Providers if needed.

[REVISED TEXT]
1. The Purchaser shall update the List of Accredited External Providers. 2. The Purchaser shall prepare the External Providers Performance Report. 3. The Supply and Property Officer shall approve the External Provider Performance Evaluation Form. 4. The Purchaser or End-User shall complete the External Provider Performance Evaluation Form."
modified,"Faculty or Staff completes the Application for Scholarship Form. The College Dean or VPAS recommends the application when the applicant meets conditions including item position, age requirement, Very Satisfactory performance, FSDP Plan schedule, and Certificate of Acceptance. The FSDP Committee recommends approval, disapproval, or deferment through an FSDP Resolution. The University President signs the resolution and endorses the application to the Board of Regents. The Board of Regents approves the application.","1. Faculty or Staff shall complete the Application for Scholarship Form. 2. The College Dean or VPAS shall evaluate and recommend the application only when the applicant meets the applicable item-position, performance, FSDP Plan, and Certificate of Acceptance requirements. 3. The FSDP Committee shall issue an FSDP Resolution recommending approval, disapproval, or deferment. 4. The University President shall sign the resolution and endorse the application to the Board of Regents. 5. The Board of Regents shall approve or disapprove the application.",,"The revision retains the application, eligibility review, FSDP Resolution, Presidential endorsement, and Board of Regents decision sequence.",Appropriate,0,"[0.0, 0.0, 0.0, 0.0, 0.0, 0.0, 0.0, 0.0, 0.0, 0.0, 0.0, 0.0]","[CHANGE TYPE]
modified

[ORIGINAL TEXT]
Faculty or Staff completes the Application for Scholarship Form. The College Dean or VPAS recommends the application when the applicant meets conditions including item position, age requirement, Very Satisfactory performance, FSDP Plan schedule, and Certificate of Acceptance. The FSDP Committee recommends approval, disapproval, or deferment through an FSDP Resolution. The University President signs the resolution and endorses the application to the Board of Regents. The Board of Regents approves the application.

[REVISED TEXT]
1. Faculty or Staff shall complete the Application for Scholarship Form. 2. The College Dean or VPAS shall evaluate and recommend the application only when the applicant meets the applicable item-position, performance, FSDP Plan, and Certificate of Acceptance requirements. 3. The FSDP Committee shall issue an FSDP Resolution recommending approval, disapproval, or deferment. 4. The University President shall sign the resolution and endorse the application to the Board of Regents. 5. The Board of Regents shall approve or disapprove the application."
modified,The development or revision of curricular programs in the University shall be a product of concerted efforts of both internal and external stakeholders of the University.,The development or revision of curricular programs shall involve documented consultation and coordinated input from appropriate internal and external stakeholders of the University.,,The revision retains stakeholder involvement while clarifying that consultation and coordinated input should be documented.,Appropriate,0,"[0.0, 0.0, 0.0, 0.0, 0.0, 0.0, 0.0, 0.0, 0.0, 0.0, 0.0, 0.0]","[CHANGE TYPE]
modified

[ORIGINAL TEXT]
The development or revision of curricular programs in the University shall be a product of concerted efforts of both internal and external stakeholders of the University.

[REVISED TEXT]
The development or revision of curricular programs shall involve documented consultation and coordinated input from appropriate internal and external stakeholders of the University."
modified,"The College Dean prepares development plans for employees with Unsatisfactory and Poor ratings. PMT identifies potential PRAISE award nominees. The PRAISE Committee determines top performers for awards and incentives. Heads and employees discuss competency-assessment results, strengths, gaps, career paths, and alternatives. The Planning Officer or Director HRM consolidates and coordinates development interventions.","1. The College Dean shall prepare a time-bound professional development plan for employees with Unsatisfactory or Poor ratings and monitor progress. 2. The PMT shall identify potential PRAISE award nominees. 3. The PRAISE Committee shall determine qualified top performers for awards and incentives. 4. Heads and employees shall discuss competency-assessment results, strengths, performance gaps, career paths, and development options. 5. The Planning Officer or Director HRM shall consolidate and coordinate appropriate development interventions.",,"The revision retains the development-planning, PRAISE nomination, award determination, competency discussion, and coordinated intervention responsibilities while clarifying progress monitoring.",Appropriate,0,"[0.0, 0.0, 0.0, 0.0, 0.0, 0.0, 0.0, 0.0, 0.0, 0.0, 0.0, 0.0]","[CHANGE TYPE]
modified

[ORIGINAL TEXT]
The College Dean prepares development plans for employees with Unsatisfactory and Poor ratings. PMT identifies potential PRAISE award nominees. The PRAISE Committee determines top performers for awards and incentives. Heads and employees discuss competency-assessment results, strengths, gaps, career paths, and alternatives. The Planning Officer or Director HRM consolidates and coordinates development interventions.

[REVISED TEXT]
1. The College Dean shall prepare a time-bound professional development plan for employees with Unsatisfactory or Poor ratings and monitor progress. 2. The PMT shall identify potential PRAISE award nominees. 3. The PRAISE Committee shall determine qualified top performers for awards and incentives. 4. Heads and employees shall discuss competency-assessment results, strengths, performance gaps, career paths, and development options. 5. The Planning Officer or Director HRM shall consolidate and coordinate appropriate development interventions."
removed,"The Accountant generates a Schedule of Accounts Receivable with Aging using the eNGAS System, sorts accounts aged over one year, prepares Demand Letters for debtors with accounts aging over one year, and forwards copies to the University President for signature. The University President signs the Demand Letters. Records Management Staff sends the Demand Letters to debtors through a courier if necessary.",The office shall send letters to debtors with unpaid balances.,ambiguous_language|missing_responsibility|missing_traceability|insufficient_detail,"The revision removes the eNGAS aging schedule, one-year threshold, responsible Accountant, University President signature, Records Management delivery role, and evidence of collection follow-up.",Needs Revision,1,"[1.0, 1.0, 1.0, 0.0, 1.0, 0.0, 0.0, 0.0, 0.0, 0.0, 0.0, 0.0]","[CHANGE TYPE]
removed

[ORIGINAL TEXT]
The Accountant generates a Schedule of Accounts Receivable with Aging using the eNGAS System, sorts accounts aged over one year, prepares Demand Letters for debtors with accounts aging over one year, and forwards copies to the University President for signature. The University President signs the Demand Letters. Records Management Staff sends the Demand Letters to debtors through a courier if necessary.

[REVISED TEXT]
The office shall send letters to debtors with unpaid balances."
modified,"Accounting Staff-3 gathers Supporting Documents to initiate payment claims and forwards them to the Budget Office. The Budget Officer receives the Supporting Documents, verifies availability of allotment based on the RAOD, prepares the Obligation Request and Status in two copies, assigns an ORS or BURS number when allotment is available, records the obligation in the RAOD, reviews and certifies the ORS, forwards the ORS and Supporting Documents to the Accounting Office, and retains the original ORS for monitoring. Accounting Staff-3 checks completeness of the documents and prepares a Disbursement Voucher when complete.","1. Accounting Staff-3 shall gather the required Supporting Documents and forward them to the Budget Office to initiate claim processing. 2. The Budget Officer shall receive the documents and verify allotment availability in the appropriate RAOD. 3. If allotment is unavailable, the Budget Officer shall return the documents to Accounting Staff-3 for appropriate action. 4. If allotment is available, the Budget Officer shall prepare the Obligation Request and Status in two copies, assign the control number, record the obligated amount in the RAOD, and review and sign the required certification. 5. The Budget Officer shall forward the required copies of the ORS and Supporting Documents to the Accounting Office and retain the original ORS for obligation monitoring. 6. Accounting Staff-3 shall check document completeness and prepare the Disbursement Voucher only when the documents are complete.",,"The revision preserves the original document flow, allotment verification, ORS preparation, RAOD recording, certification, retention, and completeness-check controls while making the conditional steps explicit.",Appropriate,0,"[0.0, 0.0, 0.0, 0.0, 0.0, 0.0, 0.0, 0.0, 0.0, 0.0, 0.0, 0.0]","[CHANGE TYPE]
modified

[ORIGINAL TEXT]
Accounting Staff-3 gathers Supporting Documents to initiate payment claims and forwards them to the Budget Office. The Budget Officer receives the Supporting Documents, verifies availability of allotment based on the RAOD, prepares the Obligation Request and Status in two copies, assigns an ORS or BURS number when allotment is available, records the obligation in the RAOD, reviews and certifies the ORS, forwards the ORS and Supporting Documents to the Accounting Office, and retains the original ORS for monitoring. Accounting Staff-3 checks completeness of the documents and prepares a Disbursement Voucher when complete.

[REVISED TEXT]
1. Accounting Staff-3 shall gather the required Supporting Documents and forward them to the Budget Office to initiate claim processing. 2. The Budget Officer shall receive the documents and verify allotment availability in the appropriate RAOD. 3. If allotment is unavailable, the Budget Officer shall return the documents to Accounting Staff-3 for appropriate action. 4. If allotment is available, the Budget Officer shall prepare the Obligation Request and Status in two copies, assign the control number, record the obligated amount in the RAOD, and review and sign the required certification. 5. The Budget Officer shall forward the required copies of the ORS and Supporting Documents to the Accounting Office and retain the original ORS for obligation monitoring. 6. Accounting Staff-3 shall check document completeness and prepare the Disbursement Voucher only when the documents are complete."
modified,"1.1 To provide guidelines and procedures of accounting services to the students, the raison d'etre of the University.",1.1 To handle student concerns.,ambiguous_language|insufficient_detail|unclear_scope,The revision is too broad and removes the specific objective of providing guidelines and procedures for student accounting services.,Needs Revision,1,"[1.0, 1.0, 0.0, 0.0, 0.0, 0.0, 0.0, 1.0, 0.0, 0.0, 0.0, 0.0]","[CHANGE TYPE]
modified

[ORIGINAL TEXT]
1.1 To provide guidelines and procedures of accounting services to the students, the raison d'etre of the University.

[REVISED TEXT]
1.1 To handle student concerns."
modified,This procedure applies to all bona fide students of the University.,"This procedure applies to documented student-discipline reports, referrals, reviews, investigations, decisions, and appeal processes involving bona fide students of the University.",,The revision retains the intended student coverage and clarifies the procedural activities governed by the manual.,Appropriate,0,"[0.0, 0.0, 0.0, 0.0, 0.0, 0.0, 0.0, 0.0, 0.0, 0.0, 0.0, 0.0]","[CHANGE TYPE]
modified

[ORIGINAL TEXT]
This procedure applies to all bona fide students of the University.

[REVISED TEXT]
This procedure applies to documented student-discipline reports, referrals, reviews, investigations, decisions, and appeal processes involving bona fide students of the University."
modified,"3.7 The Stall Holder shall pay monthly rental through the University Cashier on or before the last day of every month. 3.8 The Stall Holder shall pay power consumption and the stated water charge within three working days after receipt of the bill. 3.9 If payment is overdue, the LNU-IGO will issue three notices at one-week intervals. Failure to settle the outstanding balance within seven days after the third notice may result in termination, repossession of the stall, and public bidding.",The Stall Holder should pay bills promptly. Unpaid bills may be acted upon by the office.,ambiguous_language|missing_responsibility|missing_traceability|insufficient_detail,"The revision removes payment deadlines, payment channels, notice intervals, the specific responsible office action, and the documented sequence for addressing overdue accounts.",Needs Revision,1,"[1.0, 1.0, 1.0, 0.0, 1.0, 0.0, 0.0, 0.0, 0.0, 0.0, 0.0, 0.0]","[CHANGE TYPE]
modified

[ORIGINAL TEXT]
3.7 The Stall Holder shall pay monthly rental through the University Cashier on or before the last day of every month. 3.8 The Stall Holder shall pay power consumption and the stated water charge within three working days after receipt of the bill. 3.9 If payment is overdue, the LNU-IGO will issue three notices at one-week intervals. Failure to settle the outstanding balance within seven days after the third notice may result in termination, repossession of the stall, and public bidding.

[REVISED TEXT]
The Stall Holder should pay bills promptly. Unpaid bills may be acted upon by the office."
reordered,"The student pays the printing cost of the Statement of Account to the Cash Management Office and receives an Official Receipt. The student presents the Official Receipt to the Accounting Office. Accounting Staff-4 checks the Official Receipt, prepares the Statement of Account, and forwards it to the Accountant. The Accountant signs the Statement of Account and returns it to Accounting Staff-4. Accounting Staff-4 releases the Statement of Account to the student or authorized representative. The student signs the logbook upon receipt.",1. Accounting Staff-4 shall release the Statement of Account to the student. 2. The student shall sign the logbook. 3. The Accountant shall sign the Statement of Account. 4. Accounting Staff-4 shall prepare the Statement of Account. 5. The student shall present the Official Receipt after release.,illogical_sequence|missing_record_or_evidence|missing_responsibility,"The revision releases the Statement of Account before payment confirmation, Official Receipt verification, preparation, and Accountant signature, which breaks the required document-control sequence.",Needs Revision,1,"[0.0, 0.0, 1.0, 0.0, 0.0, 1.0, 0.0, 0.0, 0.0, 1.0, 0.0, 0.0]","[CHANGE TYPE]
reordered

[ORIGINAL TEXT]
The student pays the printing cost of the Statement of Account to the Cash Management Office and receives an Official Receipt. The student presents the Official Receipt to the Accounting Office. Accounting Staff-4 checks the Official Receipt, prepares the Statement of Account, and forwards it to the Accountant. The Accountant signs the Statement of Account and returns it to Accounting Staff-4. Accounting Staff-4 releases the Statement of Account to the student or authorized representative. The student signs the logbook upon receipt.

[REVISED TEXT]
1. Accounting Staff-4 shall release the Statement of Account to the student. 2. The student shall sign the logbook. 3. The Accountant shall sign the Statement of Account. 4. Accounting Staff-4 shall prepare the Statement of Account. 5. The student shall present the Official Receipt after release."
modified,Quality of Product or Service has a maximum of 25 points and applies only to Regular External Providers. A score of 0-14 applies when three or more deliveries or deliverables were rejected; 15-19 applies when one or two deliveries or deliverables were rejected; and 20-25 applies when the provider meets or exceeds requesting-party requirements.,Quality shall be scored based on general satisfaction with the provider.,ambiguous_language|missing_traceability|insufficient_detail,"The revision removes the 25-point limit, Regular Provider applicability, defined rejection thresholds, and objective basis for assigning quality scores.",Needs Revision,1,"[1.0, 1.0, 0.0, 0.0, 1.0, 0.0, 0.0, 0.0, 0.0, 0.0, 0.0, 0.0]","[CHANGE TYPE]
modified

[ORIGINAL TEXT]
Quality of Product or Service has a maximum of 25 points and applies only to Regular External Providers. A score of 0-14 applies when three or more deliveries or deliverables were rejected; 15-19 applies when one or two deliveries or deliverables were rejected; and 20-25 applies when the provider meets or exceeds requesting-party requirements.

[REVISED TEXT]
Quality shall be scored based on general satisfaction with the provider."
modified,"Government officials and employees are required to render eight working hours a day for five days a week or 40 hours a week excluding lunch. Normal hours are 8 AM to 12 NN and 1 PM to 5 PM. Flexi-time shall not start earlier than 7 AM or end later than 7 PM and may not be changed by employees for convenience. Repeated tardiness, undertime, or loafing may result in administrative penalties. The University monitors attendance through biometric time clocks.",Employees may select their own work hours and record attendance only when they need payroll.,possible_contradiction|missing_traceability|missing_responsibility|insufficient_detail,"The revision removes the eight-hour requirement, authorized flexi-time limits, regular attendance recording, and accountability for attendance violations.",Needs Revision,1,"[0.0, 1.0, 1.0, 0.0, 1.0, 0.0, 0.0, 0.0, 0.0, 0.0, 1.0, 0.0]","[CHANGE TYPE]
modified

[ORIGINAL TEXT]
Government officials and employees are required to render eight working hours a day for five days a week or 40 hours a week excluding lunch. Normal hours are 8 AM to 12 NN and 1 PM to 5 PM. Flexi-time shall not start earlier than 7 AM or end later than 7 PM and may not be changed by employees for convenience. Repeated tardiness, undertime, or loafing may result in administrative penalties. The University monitors attendance through biometric time clocks.

[REVISED TEXT]
Employees may select their own work hours and record attendance only when they need payroll."
modified,This procedure applies to evaluation of external providers that provide products or services to the Agency in accordance with RA 9184 Government Procurement Reform Act and its IRR.,This procedure applies to all suppliers and all Agency activities.,unclear_scope|insufficient_detail,"The revision is overly broad and no longer limits the scope to external-provider evaluation, products or services, or applicable procurement requirements.",Needs Revision,1,"[0.0, 1.0, 0.0, 0.0, 0.0, 0.0, 0.0, 1.0, 0.0, 0.0, 0.0, 0.0]","[CHANGE TYPE]
modified

[ORIGINAL TEXT]
This procedure applies to evaluation of external providers that provide products or services to the Agency in accordance with RA 9184 Government Procurement Reform Act and its IRR.

[REVISED TEXT]
This procedure applies to all suppliers and all Agency activities."
reordered,"The Program Chair secures authority from the UCC Chair or VPAS to develop or revise a curriculum and writes a request. The UCC conducts orientation. The Program Curriculum Committee crafts the proposed curriculum, the CCC deliberates it for endorsement to the UCC, and the UCC deliberates it for stakeholder consultation and submission to the Academic Council.",1. The Academic Council shall receive the curriculum proposal. 2. The UCC shall conduct stakeholder consultation. 3. The CCC shall deliberate the proposal. 4. The Program Curriculum Committee shall craft the proposal. 5. The Program Chair shall request authority to revise the curriculum.,illogical_sequence|missing_approval_step|missing_record_or_evidence,"The revision sends the proposal to the Academic Council before authority is secured, orientation and drafting occur, CCC endorsement is completed, and UCC consultation is documented.",Needs Revision,1,"[0.0, 0.0, 0.0, 1.0, 0.0, 1.0, 0.0, 0.0, 0.0, 1.0, 0.0, 0.0]","[CHANGE TYPE]
reordered

[ORIGINAL TEXT]
The Program Chair secures authority from the UCC Chair or VPAS to develop or revise a curriculum and writes a request. The UCC conducts orientation. The Program Curriculum Committee crafts the proposed curriculum, the CCC deliberates it for endorsement to the UCC, and the UCC deliberates it for stakeholder consultation and submission to the Academic Council.

[REVISED TEXT]
1. The Academic Council shall receive the curriculum proposal. 2. The UCC shall conduct stakeholder consultation. 3. The CCC shall deliberate the proposal. 4. The Program Curriculum Committee shall craft the proposal. 5. The Program Chair shall request authority to revise the curriculum."
removed,"The PRAISE shall provide monetary and non-monetary awards and incentives to recognize, acknowledge, and reward productive, creative, innovative, and ethical behavior of employees through formal and informal modes.",PRAISE may give prizes to employees.,ambiguous_language|insufficient_detail|missing_traceability,"The revision removes the monetary and non-monetary incentive categories, productive and ethical behavior criteria, and formal or informal modes of recognition.",Needs Revision,1,"[1.0, 1.0, 0.0, 0.0, 1.0, 0.0, 0.0, 0.0, 0.0, 0.0, 0.0, 0.0]","[CHANGE TYPE]
removed

[ORIGINAL TEXT]
The PRAISE shall provide monetary and non-monetary awards and incentives to recognize, acknowledge, and reward productive, creative, innovative, and ethical behavior of employees through formal and informal modes.

[REVISED TEXT]
PRAISE may give prizes to employees."
removed,"Accounting Staff-4 receives student Clearances from the Adviser, checks student ledgers, and countersigns Clearances when no accountabilities remain. If there are accountabilities, the Accountant returns the Clearance to the Adviser, who advises parents or students to settle the accountabilities. The student or parent settles at the Cash Management Office and returns the Clearance with the Official Receipt to the Accountant. The Accountant signs the Clearance when no accountabilities remain.",The Accountant shall sign student Clearances after receiving them.,missing_record_or_evidence|missing_responsibility|missing_traceability|insufficient_detail,"The revision removes ledger verification, adviser notification, parent or student settlement, Official Receipt proof, Accounting Staff countersignature, and the condition that accountabilities must be cleared before signature.",Needs Revision,1,"[0.0, 1.0, 1.0, 0.0, 1.0, 1.0, 0.0, 0.0, 0.0, 0.0, 0.0, 0.0]","[CHANGE TYPE]
removed

[ORIGINAL TEXT]
Accounting Staff-4 receives student Clearances from the Adviser, checks student ledgers, and countersigns Clearances when no accountabilities remain. If there are accountabilities, the Accountant returns the Clearance to the Adviser, who advises parents or students to settle the accountabilities. The student or parent settles at the Cash Management Office and returns the Clearance with the Official Receipt to the Accountant. The Accountant signs the Clearance when no accountabilities remain.

[REVISED TEXT]
The Accountant shall sign student Clearances after receiving them."
removed,Availability or Capacity has a maximum of 15 points and applies to both Regular and New External Providers. A score of 0-4 applies when the provider cannot supply average company requirements; 5-9 applies when the provider can supply average requirements; and 10-15 applies when the provider can supply maximum requirements.,Availability may be considered during evaluation.,ambiguous_language|missing_traceability|insufficient_detail,"The revision removes the provider applicability, 15-point maximum, and the defined capacity thresholds used to score availability.",Needs Revision,1,"[1.0, 1.0, 0.0, 0.0, 1.0, 0.0, 0.0, 0.0, 0.0, 0.0, 0.0, 0.0]","[CHANGE TYPE]
removed

[ORIGINAL TEXT]
Availability or Capacity has a maximum of 15 points and applies to both Regular and New External Providers. A score of 0-4 applies when the provider cannot supply average company requirements; 5-9 applies when the provider can supply average requirements; and 10-15 applies when the provider can supply maximum requirements.

[REVISED TEXT]
Availability may be considered during evaluation."
modified,"This manual provides standards, policies, guidelines and procedures in monitoring, accounting and reporting of the budget in the financial statements of Leyte Normal University.",This manual applies to all financial and non-financial activities of the University.,unclear_scope|insufficient_detail,"The proposed scope is overly broad and no longer identifies budget monitoring, accounting, reporting, or the financial statements covered by the manual.",Needs Revision,1,"[0.0, 1.0, 0.0, 0.0, 0.0, 0.0, 0.0, 1.0, 0.0, 0.0, 0.0, 0.0]","[CHANGE TYPE]
modified

[ORIGINAL TEXT]
This manual provides standards, policies, guidelines and procedures in monitoring, accounting and reporting of the budget in the financial statements of Leyte Normal University.

[REVISED TEXT]
This manual applies to all financial and non-financial activities of the University."
modified,5.1 Disciplinary Case Report. 5.2 Disciplinary Referral Slip. 5.3 Permit to Enter the Campus or Attend Classes. 5.4 Admission Slip. 5.5 Disciplinary Action Slip.,"The following controlled records shall be used, as applicable, in the student-discipline procedure: 5.1 Disciplinary Case Report; 5.2 Disciplinary Referral Slip; 5.3 Permit to Enter the Campus or Attend Classes; 5.4 Admission Slip; and 5.5 Disciplinary Action Slip. Authorized personnel shall use current approved versions and retain completed records in the applicable case file.",,The revision preserves the listed forms and appropriately clarifies controlled use and case-file retention.,Appropriate,0,"[0.0, 0.0, 0.0, 0.0, 0.0, 0.0, 0.0, 0.0, 0.0, 0.0, 0.0, 0.0]","[CHANGE TYPE]
modified

[ORIGINAL TEXT]
5.1 Disciplinary Case Report. 5.2 Disciplinary Referral Slip. 5.3 Permit to Enter the Campus or Attend Classes. 5.4 Admission Slip. 5.5 Disciplinary Action Slip.

[REVISED TEXT]
The following controlled records shall be used, as applicable, in the student-discipline procedure: 5.1 Disciplinary Case Report; 5.2 Disciplinary Referral Slip; 5.3 Permit to Enter the Campus or Attend Classes; 5.4 Admission Slip; and 5.5 Disciplinary Action Slip. Authorized personnel shall use current approved versions and retain completed records in the applicable case file."
modified,5.1 Obligation Request and Status. 5.2 Budget Utilization Request and Status. 5.3 Disbursement Voucher. 5.4 Purchase Order.,"The following controlled forms shall be used, as applicable, in budget-management transactions: 5.1 Obligation Request and Status; 5.2 Budget Utilization Request and Status; 5.3 Disbursement Voucher; and 5.4 Purchase Order. Responsible personnel shall use the current approved version of the applicable form and retain completed forms according to the records-control procedure.",,The revision retains the complete forms list and adds an appropriate instruction to use current approved forms and retain completed records.,Appropriate,0,"[0.0, 0.0, 0.0, 0.0, 0.0, 0.0, 0.0, 0.0, 0.0, 0.0, 0.0, 0.0]","[CHANGE TYPE]
modified

[ORIGINAL TEXT]
5.1 Obligation Request and Status. 5.2 Budget Utilization Request and Status. 5.3 Disbursement Voucher. 5.4 Purchase Order.

[REVISED TEXT]
The following controlled forms shall be used, as applicable, in budget-management transactions: 5.1 Obligation Request and Status; 5.2 Budget Utilization Request and Status; 5.3 Disbursement Voucher; and 5.4 Purchase Order. Responsible personnel shall use the current approved version of the applicable form and retain completed forms according to the records-control procedure."
reordered,"Accounting Staff-3 gathers Supporting Documents to initiate payment claims and forwards them to the Budget Office. The Budget Officer receives the Supporting Documents, verifies availability of allotment based on the RAOD, prepares the Obligation Request and Status in two copies, assigns an ORS or BURS number when allotment is available, records the obligation in the RAOD, reviews and certifies the ORS, forwards the ORS and Supporting Documents to the Accounting Office, and retains the original ORS for monitoring. Accounting Staff-3 checks completeness of the documents and prepares a Disbursement Voucher when complete.",1. Accounting Staff-3 shall prepare the Disbursement Voucher. 2. The Budget Officer shall record the obligation in the RAOD and certify the ORS. 3. Accounting Staff-3 shall gather Supporting Documents. 4. The Budget Officer shall verify allotment availability. 5. The Budget Officer shall prepare the ORS.,illogical_sequence|missing_record_or_evidence|missing_approval_step,"The revision prepares the Disbursement Voucher and records or certifies the obligation before Supporting Documents are gathered, allotment is verified, and the ORS is prepared.",Needs Revision,1,"[0.0, 0.0, 0.0, 1.0, 0.0, 1.0, 0.0, 0.0, 0.0, 1.0, 0.0, 0.0]","[CHANGE TYPE]
reordered

[ORIGINAL TEXT]
Accounting Staff-3 gathers Supporting Documents to initiate payment claims and forwards them to the Budget Office. The Budget Officer receives the Supporting Documents, verifies availability of allotment based on the RAOD, prepares the Obligation Request and Status in two copies, assigns an ORS or BURS number when allotment is available, records the obligation in the RAOD, reviews and certifies the ORS, forwards the ORS and Supporting Documents to the Accounting Office, and retains the original ORS for monitoring. Accounting Staff-3 checks completeness of the documents and prepares a Disbursement Voucher when complete.

[REVISED TEXT]
1. Accounting Staff-3 shall prepare the Disbursement Voucher. 2. The Budget Officer shall record the obligation in the RAOD and certify the ORS. 3. Accounting Staff-3 shall gather Supporting Documents. 4. The Budget Officer shall verify allotment availability. 5. The Budget Officer shall prepare the ORS."
modified,Availability or Capacity has a maximum of 15 points and applies to both Regular and New External Providers. A score of 0-4 applies when the provider cannot supply average company requirements; 5-9 applies when the provider can supply average requirements; and 10-15 applies when the provider can supply maximum requirements.,"For Regular and New External Providers, Availability or Capacity shall be scored up to 15 points based on documented ability to meet demand: 0-4 points when the provider cannot supply average requirements, 5-9 points when average requirements can be supplied, and 10-15 points when maximum requirements can be supplied.",,"The revision retains the provider applicability, point maximum, and capacity thresholds while clarifying the evaluation basis.",Appropriate,0,"[0.0, 0.0, 0.0, 0.0, 0.0, 0.0, 0.0, 0.0, 0.0, 0.0, 0.0, 0.0]","[CHANGE TYPE]
modified

[ORIGINAL TEXT]
Availability or Capacity has a maximum of 15 points and applies to both Regular and New External Providers. A score of 0-4 applies when the provider cannot supply average company requirements; 5-9 applies when the provider can supply average requirements; and 10-15 applies when the provider can supply maximum requirements.

[REVISED TEXT]
For Regular and New External Providers, Availability or Capacity shall be scored up to 15 points based on documented ability to meet demand: 0-4 points when the provider cannot supply average requirements, 5-9 points when average requirements can be supplied, and 10-15 points when maximum requirements can be supplied."
modified,"The Program on Awards and Incentives for Service Excellence shall provide incentives and awards based on performance, innovative ideas, and exemplary behavior.","The Program on Awards and Incentives for Service Excellence shall grant awards and incentives on the basis of documented performance, innovative ideas, and exemplary behavior evaluated under the approved rewards and recognition process.",,The revision preserves the PRAISE criteria and clarifies that award decisions are supported by documented evaluation.,Appropriate,0,"[0.0, 0.0, 0.0, 0.0, 0.0, 0.0, 0.0, 0.0, 0.0, 0.0, 0.0, 0.0]","[CHANGE TYPE]
modified

[ORIGINAL TEXT]
The Program on Awards and Incentives for Service Excellence shall provide incentives and awards based on performance, innovative ideas, and exemplary behavior.

[REVISED TEXT]
The Program on Awards and Incentives for Service Excellence shall grant awards and incentives on the basis of documented performance, innovative ideas, and exemplary behavior evaluated under the approved rewards and recognition process."
removed,"No obligation shall be certified to accounts payable unless the obligation is founded on a valid claim that is properly supported by sufficient evidence and unless there is proper authority for its incurrence. Certification for a non-existent or fictitious obligation or creditor is void, and payments made under such certification are illegal.",Obligations may be certified to support payment processing.,missing_record_or_evidence|missing_approval_step|missing_responsibility|insufficient_detail,"The revision removes the valid-claim requirement, supporting evidence, authorization requirement, verification responsibility, and prohibition on fictitious obligations.",Needs Revision,1,"[0.0, 1.0, 1.0, 1.0, 0.0, 1.0, 0.0, 0.0, 0.0, 0.0, 0.0, 0.0]","[CHANGE TYPE]
removed

[ORIGINAL TEXT]
No obligation shall be certified to accounts payable unless the obligation is founded on a valid claim that is properly supported by sufficient evidence and unless there is proper authority for its incurrence. Certification for a non-existent or fictitious obligation or creditor is void, and payments made under such certification are illegal.

[REVISED TEXT]
Obligations may be certified to support payment processing."
removed,"Accounting Staff-4 receives the official eligible-athlete list from the Sports Director, checks document completeness, and prepares payroll. Accounting Staff-8 forwards the payroll and supporting documents for BURS issuance. The Budget Officer issues and signs the BURS. Accounting Staff-3 prepares the Disbursement Voucher. The VPAF certifies legality, the Accountant certifies cash availability and completeness, the University President approves payment, and the Cash Management Office processes and releases the allowance. The student signs the payroll.",The Cash Management Office shall release food allowances to student athletes.,missing_responsibility|missing_record_or_evidence|missing_approval_step|insufficient_detail,"The revision removes eligibility verification, payroll preparation, BURS and DV processing, expenditure and cash certifications, approval, and payroll acknowledgement.",Needs Revision,1,"[0.0, 1.0, 1.0, 1.0, 0.0, 1.0, 0.0, 0.0, 0.0, 0.0, 0.0, 0.0]","[CHANGE TYPE]
removed

[ORIGINAL TEXT]
Accounting Staff-4 receives the official eligible-athlete list from the Sports Director, checks document completeness, and prepares payroll. Accounting Staff-8 forwards the payroll and supporting documents for BURS issuance. The Budget Officer issues and signs the BURS. Accounting Staff-3 prepares the Disbursement Voucher. The VPAF certifies legality, the Accountant certifies cash availability and completeness, the University President approves payment, and the Cash Management Office processes and releases the allowance. The student signs the payroll.

[REVISED TEXT]
The Cash Management Office shall release food allowances to student athletes."
removed,"The rewards and recognition system aims to identify, select, reward, and provide incentives to deserving employees; identify outstanding accomplishments and best practices; recognize accomplishments and innovations; motivate employees who contribute ideas and superior accomplishments; and reward employees individually or in groups for innovative ideas, exemplary behavior, public-interest service, and efforts that improve government operations and productivity.",The University shall give awards to employees.,ambiguous_language|insufficient_detail|unclear_scope,"The revision removes the selection mechanism, incentives, recognition criteria, individual and group coverage, innovation, public-interest service, and productivity objectives.",Needs Revision,1,"[1.0, 1.0, 0.0, 0.0, 0.0, 0.0, 0.0, 1.0, 0.0, 0.0, 0.0, 0.0]","[CHANGE TYPE]
removed

[ORIGINAL TEXT]
The rewards and recognition system aims to identify, select, reward, and provide incentives to deserving employees; identify outstanding accomplishments and best practices; recognize accomplishments and innovations; motivate employees who contribute ideas and superior accomplishments; and reward employees individually or in groups for innovative ideas, exemplary behavior, public-interest service, and efforts that improve government operations and productivity.

[REVISED TEXT]
The University shall give awards to employees."
modified,"Curriculum development or revision requires internal and external stakeholder efforts, review at least every four years or as needed, observance of the manual procedures, and use of applicable CHED Policies, Standards, and Guidelines as a basis.",Programs may revise curricula based on trends without following the stated process.,possible_contradiction|missing_approval_step|missing_traceability|insufficient_detail,"The revision removes stakeholder participation, periodic review expectations, observance of the established procedure, and applicable CHED Policies, Standards, and Guidelines as the basis for curriculum revision.",Needs Revision,1,"[0.0, 1.0, 0.0, 1.0, 1.0, 0.0, 0.0, 0.0, 0.0, 0.0, 1.0, 0.0]","[CHANGE TYPE]
modified

[ORIGINAL TEXT]
Curriculum development or revision requires internal and external stakeholder efforts, review at least every four years or as needed, observance of the manual procedures, and use of applicable CHED Policies, Standards, and Guidelines as a basis.

[REVISED TEXT]
Programs may revise curricula based on trends without following the stated process."
modified,1.1 To provide guidelines and policies in handling concessionaires for business at the LNU-IGO Trade Park. 1.2 To ensure and sustain the existing income generating projects of the university while providing affordable goods and services to the universityâ€™s customers and stakeholders.,"1.1 To establish guidelines for the transparent and consistent handling of concessionaires operating at the LNU-IGO Trade Park. 1.2 To support sustainable university income-generating activities while ensuring that concessionaires provide accessible, affordable, and quality goods and services to customers and stakeholders.",,"The proposed wording preserves the two original objectives and improves clarity by stating the intended manner of handling, the operating context, and the expected service outcome.",Appropriate,0,"[0.0, 0.0, 0.0, 0.0, 0.0, 0.0, 0.0, 0.0, 0.0, 0.0, 0.0, 0.0]","[CHANGE TYPE]
modified

[ORIGINAL TEXT]
1.1 To provide guidelines and policies in handling concessionaires for business at the LNU-IGO Trade Park. 1.2 To ensure and sustain the existing income generating projects of the university while providing affordable goods and services to the universityâ€™s customers and stakeholders.

[REVISED TEXT]
1.1 To establish guidelines for the transparent and consistent handling of concessionaires operating at the LNU-IGO Trade Park. 1.2 To support sustainable university income-generating activities while ensuring that concessionaires provide accessible, affordable, and quality goods and services to customers and stakeholders."
removed,5.1 Disbursement Voucher. 5.2 Obligation Request and Status. 5.3 Budget Utilization Request and Status. 5.4 Payroll. 5.5 Statement of Account.,Use forms when needed.,ambiguous_language|missing_record_or_evidence|missing_traceability|insufficient_detail,"The revision removes the names of the required forms and does not identify which forms support disbursement, obligation, budget utilization, payroll, or Statement of Account transactions.",Needs Revision,1,"[1.0, 1.0, 0.0, 0.0, 1.0, 1.0, 0.0, 0.0, 0.0, 0.0, 0.0, 0.0]","[CHANGE TYPE]
removed

[ORIGINAL TEXT]
5.1 Disbursement Voucher. 5.2 Obligation Request and Status. 5.3 Budget Utilization Request and Status. 5.4 Payroll. 5.5 Statement of Account.

[REVISED TEXT]
Use forms when needed."
reordered,3.6 Accounts Receivable outstanding for more than 365 days or one year are considered past due. 3.7 Demand Letters should be sent to debtors for past due accounts.,"3.6 Accounts Receivable outstanding for more than 365 days or one year shall be classified as past due. 3.7 Upon classification of an account as past due, the responsible office shall prepare and send a Demand Letter to the debtor in accordance with the approved collection procedure.",,The revision retains the one-year past-due threshold and Demand Letter action while expressing the relationship between classification and collection follow-up clearly.,Appropriate,0,"[0.0, 0.0, 0.0, 0.0, 0.0, 0.0, 0.0, 0.0, 0.0, 0.0, 0.0, 0.0]","[CHANGE TYPE]
reordered

[ORIGINAL TEXT]
3.6 Accounts Receivable outstanding for more than 365 days or one year are considered past due. 3.7 Demand Letters should be sent to debtors for past due accounts.

[REVISED TEXT]
3.6 Accounts Receivable outstanding for more than 365 days or one year shall be classified as past due. 3.7 Upon classification of an account as past due, the responsible office shall prepare and send a Demand Letter to the debtor in accordance with the approved collection procedure."
removed,5.1 FORM SLRD 2016 KRA 4.3b for relevant training hours or conferences attended by faculty and staff in the last three years. 5.2 Five year Development Plan. 5.3 Scholarship Contract.,Use forms for staff development when needed.,ambiguous_language|missing_record_or_evidence|missing_traceability|insufficient_detail,"The revision does not identify the required training-hours form, Five year Development Plan, or Scholarship Contract, nor does it indicate how these records are controlled.",Needs Revision,1,"[1.0, 1.0, 0.0, 0.0, 1.0, 1.0, 0.0, 0.0, 0.0, 0.0, 0.0, 0.0]","[CHANGE TYPE]
removed

[ORIGINAL TEXT]
5.1 FORM SLRD 2016 KRA 4.3b for relevant training hours or conferences attended by faculty and staff in the last three years. 5.2 Five year Development Plan. 5.3 Scholarship Contract.

[REVISED TEXT]
Use forms for staff development when needed."
modified,This procedure applies to all academic and non-academic staff who have item positions in the University.,This procedure applies to anyone who wants professional development.,unclear_scope|insufficient_detail,"The revision does not identify academic and non-academic staff, item positions, University affiliation, or the personnel category covered by the procedure.",Needs Revision,1,"[0.0, 1.0, 0.0, 0.0, 0.0, 0.0, 0.0, 1.0, 0.0, 0.0, 0.0, 0.0]","[CHANGE TYPE]
modified

[ORIGINAL TEXT]
This procedure applies to all academic and non-academic staff who have item positions in the University.

[REVISED TEXT]
This procedure applies to anyone who wants professional development."
removed,"SPMS quality ratings are 5 for no revision with complete documents, 4 for minor revision with one lacking document, 3 for major revision with two to three lacking documents, 2 for overall revision with four to five lacking documents, and 1 for no report with more than five lacking documents. Timeliness ratings range from 5 for submission three days before deadline to 1 for no submission. Efficiency ratings range from 5 for 95 percent and above accomplishment to 1 for 75 percent and below.",Supervisors may assign any rating they consider appropriate.,missing_traceability|missing_approval_step|possible_contradiction|insufficient_detail,"The revision removes the approved Quality, Timeliness, and Efficiency rating scales and permits unsupported ratings without defined criteria or evidence.",Needs Revision,1,"[0.0, 1.0, 0.0, 1.0, 1.0, 0.0, 0.0, 0.0, 0.0, 0.0, 1.0, 0.0]","[CHANGE TYPE]
removed

[ORIGINAL TEXT]
SPMS quality ratings are 5 for no revision with complete documents, 4 for minor revision with one lacking document, 3 for major revision with two to three lacking documents, 2 for overall revision with four to five lacking documents, and 1 for no report with more than five lacking documents. Timeliness ratings range from 5 for submission three days before deadline to 1 for no submission. Efficiency ratings range from 5 for 95 percent and above accomplishment to 1 for 75 percent and below.

[REVISED TEXT]
Supervisors may assign any rating they consider appropriate."
modified,Reclassification of faculty shall be based on National Budget Circular No. 461.,Faculty reclassification shall follow the applicable National Budget Circular and the documented QCE evaluation and certification process required by the University.,,The revision retains the National Budget Circular basis and connects reclassification to the documented QCE evaluation process described in the manual.,Appropriate,0,"[0.0, 0.0, 0.0, 0.0, 0.0, 0.0, 0.0, 0.0, 0.0, 0.0, 0.0, 0.0]","[CHANGE TYPE]
modified

[ORIGINAL TEXT]
Reclassification of faculty shall be based on National Budget Circular No. 461.

[REVISED TEXT]
Faculty reclassification shall follow the applicable National Budget Circular and the documented QCE evaluation and certification process required by the University."
reordered,Income Generating Office: 1. Prepares and issues a billing statement for each Stall Holder. Stall Holder: 2. Pays the monthly billing at the Cash Management Office. Cashier Staff: 3. Receives cash for monthly dues. 4. Issues an Official Receipt. Stall Holder: 5. Presents the Official Receipt to IGO Staff. IGO Staff: 6. Records the payment in the ledger. 7. Prepares and issues a Monthly Report on Rentals.,1. The Income Generating Office shall prepare and issue a billing statement for each Stall Holder. 2. The IGO Staff shall record the payment in the ledger. 3. The Stall Holder shall pay the monthly billing at the Cash Management Office. 4. Cashier Staff shall receive cash and issue an Official Receipt. 5. The Stall Holder shall present the Official Receipt to the IGO Staff. 6. The IGO Staff shall prepare and issue a Monthly Report on Rentals.,illogical_sequence|missing_record_or_evidence,"The revision records payment before the Stall Holder pays and before the Cashier issues an Official Receipt, which breaks the required payment-verification sequence.",Needs Revision,1,"[0.0, 0.0, 0.0, 0.0, 0.0, 1.0, 0.0, 0.0, 0.0, 1.0, 0.0, 0.0]","[CHANGE TYPE]
reordered

[ORIGINAL TEXT]
Income Generating Office: 1. Prepares and issues a billing statement for each Stall Holder. Stall Holder: 2. Pays the monthly billing at the Cash Management Office. Cashier Staff: 3. Receives cash for monthly dues. 4. Issues an Official Receipt. Stall Holder: 5. Presents the Official Receipt to IGO Staff. IGO Staff: 6. Records the payment in the ledger. 7. Prepares and issues a Monthly Report on Rentals.

[REVISED TEXT]
1. The Income Generating Office shall prepare and issue a billing statement for each Stall Holder. 2. The IGO Staff shall record the payment in the ledger. 3. The Stall Holder shall pay the monthly billing at the Cash Management Office. 4. Cashier Staff shall receive cash and issue an Official Receipt. 5. The Stall Holder shall present the Official Receipt to the IGO Staff. 6. The IGO Staff shall prepare and issue a Monthly Report on Rentals."
modified,A portion of the Human Resource Office funds shall be allocated for PRAISE and incorporated in the LNU Annual Work and Financial Plan and Budget.,A planned portion of Human Resource Office funds shall be allocated for PRAISE and incorporated in the LNU Annual Work and Financial Plan and Budget in accordance with applicable budget procedures.,,The revision retains PRAISE funding allocation and incorporation into the Annual Work and Financial Plan and Budget while clarifying budget-procedure compliance.,Appropriate,0,"[0.0, 0.0, 0.0, 0.0, 0.0, 0.0, 0.0, 0.0, 0.0, 0.0, 0.0, 0.0]","[CHANGE TYPE]
modified

[ORIGINAL TEXT]
A portion of the Human Resource Office funds shall be allocated for PRAISE and incorporated in the LNU Annual Work and Financial Plan and Budget.

[REVISED TEXT]
A planned portion of Human Resource Office funds shall be allocated for PRAISE and incorporated in the LNU Annual Work and Financial Plan and Budget in accordance with applicable budget procedures."
reordered,"A customer requests an item or service from a Project Worker. The Project Worker fills out a Job Order Form for services or Payment Request Form for merchandise. The customer reviews and signs the form, presents it at the Cash Management Office, and pays the fee. The Cashier receives payment and issues an Official Receipt. The customer presents the Official Receipt and form to the Project Worker, who records the receipt on the form and hands over the item or renders the service.",1. The customer shall request an item or service. 2. The Project Worker shall hand over the item or render the service. 3. The customer shall complete and sign the Job Order Form or Payment Request Form. 4. The customer shall pay the fee. 5. The Cashier shall issue an Official Receipt. 6. The Project Worker shall record the receipt on the form.,illogical_sequence|missing_record_or_evidence|missing_responsibility,"The revision releases the item or service before the required form is completed, payment is made, and the Official Receipt is issued and recorded, breaking the transaction-control sequence.",Needs Revision,1,"[0.0, 0.0, 1.0, 0.0, 0.0, 1.0, 0.0, 0.0, 0.0, 1.0, 0.0, 0.0]","[CHANGE TYPE]
reordered

[ORIGINAL TEXT]
A customer requests an item or service from a Project Worker. The Project Worker fills out a Job Order Form for services or Payment Request Form for merchandise. The customer reviews and signs the form, presents it at the Cash Management Office, and pays the fee. The Cashier receives payment and issues an Official Receipt. The customer presents the Official Receipt and form to the Project Worker, who records the receipt on the form and hands over the item or renders the service.

[REVISED TEXT]
1. The customer shall request an item or service. 2. The Project Worker shall hand over the item or render the service. 3. The customer shall complete and sign the Job Order Form or Payment Request Form. 4. The customer shall pay the fee. 5. The Cashier shall issue an Official Receipt. 6. The Project Worker shall record the receipt on the form."
